Id,Predicted
1,-0.6613555252211597
2,-0.5155961200604612
3,-4671.188720000002
4,0.880785681924291
5,1.5517023949155915
6,13.60862809227638
7,-1.2600770705563449
8,-2.226112693916576
9,4375.135529999997
10,0.24070392961023293
11,0.30721160920909313
12,-6.929726716715846
13,-1383.1262800000006
14,1.6207568260075378
15,-7293.95577000001
16,0.6294381325097342
17,-276.39365999999956
18,-0.8034682630384752
19,-2866.369779999994
20,-9015.275260000002
21,-2892.9396799999954
22,-7629.755840000011
23,-1.095989251989884
24,-0.8711141564891927
25,-0.5704331333847708
26,-0.15606343878351225
27,1.5602351968529986
28,0.09508768644749495
29,-2546.0952100000013
30,0.7709230954709858
31,-25311.697080000027
32,1.2233728146182081
33,1.6771953911619488
34,8.05494162334537
35,-0.5998003810378907
36,0.0919980858634788
37,0.3793358339987715
38,-21.430854837794566
39,2.0553603851820643
40,-2033.34898
41,6.807384828697909
42,-7511.761849999995
43,-0.5755013796712798
44,-2022.7762099999998
45,0.23274511643075305
46,-6554.737499999995
47,1.3242309448679694
48,-7397.919440000017
49,2.279112288780844
50,-6106.997629999986
51,-0.6348944689408611
52,-0.02385891642558718
53,1.1697359291003575
54,-0.7319348975855525
55,0.3269586568931907
56,-8491.645699999986
57,307.79654000000005
58,1.8332511047172977
59,-0.07799998022620731
60,-1.1146951165584327
61,-8113.190419999993
62,-130.30827220071004
63,4.080191715984252
64,-2031.068359999998
65,2899.1249499999967
66,1.68556589846748
67,-0.5540096186590645
68,-1.3034940889850088
69,20.22660462785262
70,-29107.191909999987
71,-7547.810490000003
72,0.10743898815191741
73,0.5205286438196284
74,-0.3671829029537912
75,-0.054993552965696364
76,-1.0572250671379688
77,-0.6404467470794843
78,581.1705110078584
79,1.7731329371168274
80,-1.6471795224633068
81,-0.916019448586701
82,-0.5105203204426405
83,1.268568106295765
84,0.7725640135249046
85,1.0974200331847968
86,-23243.10256000009
87,0.1804098437211657
88,-0.09225233359114204
89,1.1479222959425779
90,1.7032383109428884
91,1598.190190558017
92,-24822.013300000053
93,-0.11004053481723766
94,-4939.708719999991
95,0.6527541782348603
96,0.7189731073449168
97,-1082.5223800000006
98,0.6090954492260627
99,0.715590196395751
100,1.1003368571742258
101,0.6644770781169305
102,-562.9060446881363
103,-1.3392554586919467
104,0.8211653993628918
105,-0.28809023307320186
106,0.26590070700024215
107,-10835.885350000006
108,0.2945614686071918
109,2.040972876323851
110,-1549.3357500000004
111,-0.32457129978444904
112,-0.7888899910297895
113,-0.11008917840399639
114,0.49955493287753105
115,1.0020344515899973
116,-1.1210430275459706
117,-0.3666578087792738
118,-0.05562839775342342
119,-5017.784449999997
120,-1.5389869171173252
121,-4657.150430000003
122,-22346.535550000022
123,0.29954050541489746
124,-9388.982479999995
125,0.41303835055155674
126,0.6281057426418709
127,-1176.2754599999987
128,-9171.297440000004
129,-2761.9545700000035
130,0.6450743837364851
131,-12284.724269999992
132,2170.56714
133,-2418.054769376911
134,1235.7987000000007
135,-951.6084300000019
136,-8553.265069999994
137,-1.9352696498118214
138,0.4948711709186476
139,-8494.948240000002
140,0.07107297293116216
141,-0.23776881729507807
142,-1285.5977600000008
143,0.0982843055419912
144,-1442.3855199999991
145,-1.2930306299196632
146,0.8623038302306018
147,-7353.292940000001
148,-1803.0358300000016
149,0.9730646981071372
150,-21070.02162000003
151,3519.1760646215002
152,20.82385291206306
153,1.065896907940259
154,-1147.7105899999997
155,-0.5693241082397744
156,0.15553140234920948
157,-14129.56954999999
158,960.1602646259618
159,-0.14263172723301948
160,0.12944613381949327
161,-2204.616180000001
162,-7955.27451999999
163,-0.04072589946593409
164,1.739534604948872
165,-11925.313939999978
166,-0.2027845406233758
167,0.4733535943258255
168,350.1460399999994
169,-0.6110625856422403
170,0.5378681064498405
171,0.2073179265955042
172,-0.9715973239095148
173,-4768.686019999993
174,-0.45310676119973525
175,2.1904388138341915
176,-0.6957600306340366
177,3.2113536588707485
178,-5245.828319999991
179,1.2326679260081301
180,-2031.102049999999
181,3.0213095828986223
182,0.3061613617596939
183,-0.9101167414829865
184,1.1640573741177787
185,0.020844802769772627
186,-246.97974999999983
187,0.4993703026642114
188,-0.12700087055023496
189,0.4944685026373356
190,-1.259660607695699
191,-7027.886480000001
192,0.23497793835653102
193,-2039.2440599999986
194,0.31380404960037
195,-688.8993300000017
196,-4949.370289999997
197,-0.7303625244407147
198,-0.12340167006633541
199,-3348.4448999999995
200,-2008.034059999994
201,-0.31458681631451374
202,0.3622947504079358
203,-34792.964529999954
204,0.16668295547649864
205,-10069.743969999998
206,-1.2357514276937305
207,-0.9633990766486318
208,11.724766780698047
209,-0.11633501387774454
210,-0.747083251644878
211,1.3277433393273832
212,-0.9515495760432792
213,-26825.110840000005
214,-7542.107719999989
215,0.31319686824008225
216,-0.886066472377146
217,0.22742956328293468
218,-0.1558874020463702
219,0.14024554812909804
220,0.2860560643214706
221,-0.05095547139787792
222,-13578.692820000007
223,-28599.624000000014
224,44.20558559066868
225,1.370662479273665
226,-0.46469164189356843
227,-0.887869878968633
228,1125.6104899999996
229,-0.8096780831612629
230,1.0141665226841523
231,1.3340070778446615
232,-4105.986020000016
233,0.25430269496345387
234,1.0372533671238926
235,-4150.723219999986
236,-9824.22985999999
237,0.4492899725249705
238,-4527.825679999989
239,1.4128428325349174
240,-1.6068743380938326
241,-0.05104682133312116
242,-3350.86828999999
243,-16812.12515000006
244,-1085.9590800000008
245,-1.0993617354746297
246,-0.5124492042391678
247,1.129175578401262
248,77.80650000000009
249,-0.15346322973626747
250,-732.9063099999996
251,-417.09204619266507
252,1.8660191913476636
253,-4738.750990000002
254,-2160.6204000000002
255,-0.7275776186039583
256,-8049.28441
257,0.7828838161724216
258,1.6701467834335433
259,2.815026312012279
260,0.05140810040744883
261,-4007.7783000000004
262,-0.9536127492073644
263,2.055601846902997
264,0.0734811332119851
265,-9797.749249999986
266,-8395.061859999998
267,-9764.982519999998
268,0.2945387592380912
269,8.446875098699772
270,-9343.741279999966
271,-0.5499170699550707
272,-133.11286999999948
273,1086.353300000001
274,-0.33615380410288787
275,5.459639155286383e-4
276,-6050.416819999997
277,1.2204100307897898
278,0.9518139867306663
279,-0.5571539642516681
280,1309.0748123625394
281,212.6638255815754
282,-7618.171230000004
283,12.752549199855222
284,-4632.344489999995
285,-8649.880750000002
286,-4092.713210000006
287,0.4311024421790303
288,-4.256581754050986
289,-0.43570800480756866
290,-0.28740220744137823
291,-1.0722255162979724
292,-0.13825349980009263
293,0.2567169294517838
294,1.3920999219566799
295,-0.31650614763592266
296,0.19031718846359325
297,-0.4268036807988977
298,-0.9891595882295978
299,0.2773902654470822
300,2.525931732600565
301,0.05596244322140417
302,-1.8040806008862387
303,-0.3131123203875843
304,-13312.276550000002
305,0.6557238545097536
306,0.3954433165537153
307,-6818.731360000012
308,-0.5464887710871379
309,-0.6985658618431297
310,-0.5253198464745658
311,0.7869441733550958
312,26.185422366335366
313,-7194.82653
314,4.271023222203548
315,0.41702230281518127
316,-1.293617369634009
317,-0.3832154862295357
318,-0.08808794304374164
319,-0.36473050937364326
320,-1.3213350267491388
321,-0.6594224189355666
322,6.912952064254131
323,6.9356798970798845
324,-1689.4872500000015
325,472.39929344304346
326,-0.4413687655223044
327,1.211371454868486
328,-1891.0129799999938
329,-1.687431454827237
330,-19101.14797
331,-11734.72498000002
332,-0.14926396543680953
333,1.3185179117541146
334,-1.1405330803019675
335,-0.7523273289041449
336,-7628.60533000001
337,-0.3897570571728292
338,0.10811307364846624
339,-10412.305870000007
340,-1.2623616010543532
341,-4069.7968799999953
342,-567.6261299999998
343,814.6529899999995
344,3.09298682753503
345,-0.13182915116879468
346,-5049.585449999998
347,0.0492292799022926
348,0.8785262868566932
349,-5357.928530000004
350,-2.434259705941772
351,-1.0960354350428403
352,-0.14761052648606393
353,1.1452234409528008
354,0.1806230586558593
355,-639.750470000001
356,-3017.0253900000102
357,0.4000520534375571
358,-0.030335737669863215
359,0.4218518468360414
360,1.0105302223464918
361,-1669.2841619380517
362,0.45832781679699103
363,-1.0968577103763606
364,-2.3624160523232502
365,-1613.686420000001
366,-9381.064609999987
367,2.7906190279466796
368,-6738.412150000012
369,-1.3872767491523013
370,0.04743301314657353
371,-0.7580570157248344
372,-1.0239479007705814
373,-0.3925028670412564
374,-6849.801969999999
375,1.3357108024647408
376,-1.034004298900004
377,-2.89246070713739
378,-3745.53549
379,-5889.303079999998
380,0.05345617705208825
381,-0.6398283270913302
382,0.7444638688752326
383,-146.73254000000006
384,-4.830906538077771
385,-0.750494017251462
386,-7215.3282400000035
387,-4811.103019999998
388,0.6253188413063723
389,0.5183580497802692
390,5.124696001069262
391,-1.7458945055412967
392,-4451.202770000003
393,-0.024574701104496832
394,-14717.934089999979
395,-7376.282830000007
396,0.07999447474219819
397,72.37215000000022
398,0.26162962394432426
399,-3755.842559999983
400,-4.658458411970524
401,-1.3044297250393282
402,0.8870963052782658
403,-0.5233274234561276
404,0.6145719937831329
405,-0.27738912840393143
406,0.8496085812136875
407,18.288909089474974
408,1.0150691221240389
409,10.524807290305132
410,0.31876568422112667
411,0.46804635039486475
412,-0.3478154189713407
413,0.5095542311608796
414,-6376.689799999998
415,-0.5366886962508112
416,1.8448040174167386
417,-18.304045337355532
418,-0.3806324630198296
419,0.1395984014913826
420,0.757114225195947
421,-0.6147896028985788
422,-3.4449152158029994
423,-1851.3918699999986
424,-4.886056119248675
425,-0.4028913014447567
426,0.03134105803570678
427,0.84749891217518
428,0.12669022339492703
429,-0.46549828972455465
430,-0.344280213473258
431,0.3019495483020953
432,-1.1541024925435215
433,-0.19232918834111515
434,-0.19099509773153575
435,-2904.375370000007
436,-6845.096689999991
437,-1.7835641490438392
438,0.20105291597708097
439,-19904.47023000001
440,-338.9839999999996
441,-0.700162107026098
442,-0.3352759725770467
443,0.9512096387490248
444,0.40260484414399056
445,-6933.625740000012
446,0.23009218987128932
447,-0.7094077070748859
448,0.5739884975955843
449,-0.10220573483098394
450,-0.9703492090618985
451,-948.7745300000026
452,0.5564579116482592
453,-1343.8315500000012
454,-3.3222939309123234
455,-1.1365444487430378
456,-1944.2557099999967
457,-1.3309142492998167
458,-2.693314138565618
459,-0.39731874431741415
460,-3960.8337299999966
461,0.5310371733256074
462,1.994270924000866
463,-4020.674679999993
464,-12469.158220000003
465,-0.024217504025463722
466,0.2515982873613317
467,0.915083111718785
468,-0.395785924167082
469,-11021.812360000014
470,7.689618627391932
471,0.04977220456924352
472,0.2641461556791523
473,-8981.27788000001
474,-0.04081735432328469
475,-431.7802700000004
476,0.24011206313931935
477,0.5446266151657316
478,-0.033706691762699414
479,2.518129889535725e-5
480,0.6093353661527661
481,-0.8225431842497213
482,-11901.707839999994
483,-0.590082765680832
484,-0.5788522603518429
485,-5257.943979999998
486,1.6156309584053812
487,0.1042183280317138
488,-0.0752280689831743
489,-0.6564770561138267
490,0.9545411355925333
491,-0.23063263312656884
492,-3.486774765419738
493,-7114.975319999989
494,-5215.97397
495,-12400.100289999978
496,-743.4229700000004
497,0.1740242296678247
498,0.11941923841576327
499,-2.1705087151873985
500,0.859350428859138
501,-10508.26922999999
502,-7296.263420000003
503,0.09610981518246114
504,831.0264800647934
505,-1.6246100649182493
506,-8419.967610000009
507,-1.1629888432315185
508,104.86511999999995
509,0.5351573110520765
510,-0.20105586018899044
511,2.0983491684489093
512,-14007.237119999982
513,-1.5358460907535194
514,0.7107545781071594
515,0.23114335602757025
516,0.6170210840038903
517,0.15567954387968455
518,-0.58277921436876845
519,1.4450409130581414
520,0.9592395067608438
521,-1.518504691584087
522,0.3184306414402444
523,-0.7683875459341245
524,-4852.419969999986
525,0.5539080029588019
526,28.547589999999843
527,-0.16718797913089622
528,-0.06974639346658634
529,0.729761678535438
530,-1.2336031929710611
531,-0.3709634481171214
532,-1110.7703099999997
533,-1.583652682003046
534,1.6395062302966275
535,-0.6014170172919104
536,537.0856299999997
537,-2.0868551669426956
538,-34697.85021999997
539,-3776.409299999987
540,0.063391519051724
541,-4749.907869999996
542,-149.58246999999977
543,0.4321638296409725
544,-0.7640554696920013
545,-0.052701135195201775
546,0.022708872230508614
547,-2052.290770000004
548,-0.7560427772043843
549,1566.3729515905145
550,-0.26418774539452883
551,-0.49068488413833633
552,-0.10011422606978951
553,-0.5380208657428107
554,0.4709655149568113
555,1.4854168036854891
556,-3444.6069600000005
557,0.15597292547007482
558,-4.496365097893223
559,0.9394126701866685
560,-0.7285539690422829
561,-1.5671512915361094
562,-388.9700899999993
563,1292.7853322741075
564,-5578.368460000009
565,-14718.57601000002
566,-6569.392789999999
567,2.013398397785658
568,-1.4016318254418796
569,-0.6343869660616474
570,0.19487548742091262
571,-5047.630549999992
572,-17.01668546085274
573,-12392.614169999959
574,0.8140433314175128
575,6436.882884124378
576,1.246665651018589
577,0.004930735233652411
578,-18130.889619999998
579,0.6754815402728678
580,-0.45583763836880103
581,-1.9184945292790534
582,-950.4121000000007
583,0.01783023063009358
584,-7898.176039999992
585,-4319.136430000001
586,-4314.327939999997
587,-0.7855418895486147
588,1.3002205546087322
589,-0.6371272299766552
590,-0.1166584848407446
591,-11595.450319999994
592,-0.16916039637373093
593,-1.9529384135767265
594,-4084.8563500000037
595,-0.5576588613612681
596,-4884.498689999994
597,1229.3458400000006
598,0.47648039546009563
599,576.6162815016962
600,-11115.0104
601,-0.8935880542754124
602,-0.40029969665618687
603,1.5063525918489404
604,-0.7836968548198642
605,0.46591881826029047
606,-0.9999799508538924
607,0.6945673673368555
608,0.4416830462608395
609,-0.23879904956251546
610,0.18841613263903395
611,-0.05576912548981086
612,0.40789542838147036
613,-763.3080900000001
614,-0.3696677974958716
615,-0.19076041788872816
616,-5971.392139999995
617,-0.4483003197655171
618,-7050.488590000017
619,-18695.027779999986
620,-1073.7031299999987
621,0.12882060619677288
622,0.881394358001462
623,-0.8749167767239975
624,-0.45150918959632697
625,0.15753727787665733
626,947.7703300000019
627,1573.0525700000007
628,5.610386949940526
629,-4989.396609999995
630,-4546.303710000009
631,0.08796958870418838
632,0.37289227315201984
633,3.880071282313669
634,1.2545760387091474
635,-0.15409023060469904
636,-9938.22745999999
637,-0.24794108250828029
638,-7864.135100000003
639,416.41457000000025
640,-0.9341947516513036
641,-22291.126949999994
642,-15427.581980000037
643,-0.7378844719925294
644,0.7606305759923789
645,0.6367896025093145
646,0.11936575108051391
647,0.1528431663347303
648,0.30665561281188947
649,-0.3890251225764615
650,-0.5037358612656251
651,-2.52195936163488
652,-0.5558798892145181
653,0.7345314608113317
654,-6253.597479999988
655,-12815.842849999975
656,-30957.209800000008
657,19.955211794955545
658,1.0161971023285228
659,-1.5224692924007923
660,1.5304370310112116
661,-0.5068234308489168
662,0.11111785910383838
663,720.0857000000004
664,-0.052987090955882374
665,-6734.425039999995
666,5.243759762420474
667,0.5357762967290133
668,-0.20459215807205516
669,-5326.841689999989
670,-8687.616429999982
671,-11633.791379999988
672,0.7701053247571158
673,1.2732861994037832
674,-3520.407260000003
675,-0.42457450590603785
676,0.11852409038249134
677,0.0794009538167336
678,-7165.643789999988
679,-0.8149333886035652
680,0.05228241975281888
681,6.190567271960095
682,0.7051115499125871
683,-0.24647528519640277
684,-10357.60501000001
685,-7367.381330000012
686,0.9195622727389172
687,-0.26158285073059756
688,0.1402961027370544
689,0.011363940261335833
690,-1.0908694081890977
691,1.2344935599476619
692,-221.35977999999997
693,-30703.780929999957
694,-19703.560440000023
695,-14771.328769999978
696,294.20230717904695
697,38.95507164011517
698,-0.7447366514927093
699,0.5480901916419038
700,1.0012595698651174
701,2.2181413082614574
702,1.6506513226217692
703,-0.06407362565519088
704,1.5402697152384834
705,0.16742638190328699
706,-2725.3617599999934
707,-3174.4133700000007
708,-0.3682555081589205
709,0.002239753423755805
710,-19615.659650000012
711,0.45234510639305836
712,-18402.651870000005
713,-0.5397282111893945
714,-0.9159812500074903
715,-1.561821673686453
716,-0.15207988418232637
717,-0.23614059842518959
718,0.06879564846340457
719,-3138.2865100000004
720,0.9786707709862739
721,-86.33858359296744
722,-0.975865642415291
723,1.3033090743487996
724,1.0934729356658066
725,-0.3506222686017909
726,-11897.190980000016
727,1.410267944481344
728,0.21868670003889393
729,0.30261401642844576
730,0.2103483087667239
731,0.29687739728357593
732,2.0068031291076944
733,-1.2741543595473375
734,-2.008660394305201
735,0.05594612248883468
736,-14553.036529999976
737,0.17387063253073465
738,-0.28863771154253126
739,-2.250763918738592
740,0.30692807861762256
741,-0.09142554975232664
742,-0.565819107742533
743,-14690.053100000037
744,-1.5459273307401598
745,0.49284118482105266
746,-0.37158081821832883
747,-6266.88374000001
748,1.1888901567533139
749,-0.39252850902983216
750,1.8179086702851743
751,-4.607765937607985
752,-6979.375390000016
753,-1850.2777500000018
754,0.6143214825750366
755,0.07811490832627214
756,-1.0492617686925658
757,835.1666564325845
758,-0.07309944909072888
759,0.69782299399936365
760,2.843769646897596
761,0.09024041275099612
762,-0.9006687010879597
763,1.0063098407138777
764,2.4586806503962135
765,-0.11620613096100248
766,0.41716202014517034
767,12.84761383937771
768,-0.09128731792405095
769,-8815.291979999984
770,0.6328746689619645
771,-0.9772808972856611
772,-11789.695769999998
773,0.9922305107404344
774,-1560.2848200000017
775,-7913.865719999994
776,-0.08731613681147883
777,-5129.005450000001
778,1.947851998374107
779,0.42054397724707665
780,-1.308794867972213
781,-1.4342225597322895
782,0.3269824385762512
783,-0.9990623924409636
784,-1.0277780965071783
785,234.77647000000033
786,0.3312650493216898
787,-0.6555587744407572
788,-6.622994346925414
789,0.10522343038383297
790,1.603629579809195
791,-17129.27676000005
792,-122.22711468378142
793,-10.97717014562244
794,0.11386569730549709
795,4.604658892303185
796,-9780.831160000029
797,-7270.013990000002
798,0.37923170604515993
799,512.0424967450347
800,1.002960000549396
801,-5923.508129999987
802,1.312301220599444
803,-66.68158000000017
804,9.85755214653718
805,-10.93605331790542
806,-18657.595154128263
807,0.9066230143220484
808,-0.6683078129656318
809,-0.7120802170009057
810,0.7555777678976892
811,-8850.957040000005
812,0.3178169232517905
813,1.954153094346207
814,-21034.21233000003
815,815.2296600000006
816,-2661.5933400000035
817,0.17261382420643337
818,-0.21041059949335747
819,-18564.4181
820,1.5463253623176927
821,0.019476864616194044
822,-21014.611440000033
823,-0.7722915561675087
824,-0.5411216684450298
825,-0.32787848054529306
826,-34156.789469999916
827,-0.519851458065964
828,1.6154993824696013
829,-1.380777827906298
830,0.4941024910791084
831,-292.55247999999943
832,0.5373615481881169
833,-0.46933130021347996
834,-0.21117772983524696
835,-1.1508410985597188
836,0.9899123589913508
837,2804.620033877355
838,-0.9762160885701499
839,-13308.214650000005
840,0.9828076429698893
841,0.49057478675370586
842,1.2184424862385683
843,0.18227799085161203
844,0.11558893118141057
845,0.4459350327545734
846,-2338.0363199999974
847,0.4759516220431268
848,-2.9356619686815293
849,0.0942831141993542
850,-0.19098184446112318
851,0.43419812782970907
852,-0.6549017301547541
853,-0.06268397621248052
854,0.3586137770001402
855,-18695.124170000014
856,-2850.207200000005
857,-609.4790000000003
858,-10622.661019999974
859,0.5664312272721386
860,-7131.379720000015
861,0.9611392830348864
862,0.4724797867415579
863,0.2660002798022535
864,0.7916907604478484
865,0.496448938097772
866,-7748.734830000018
867,0.47071589416023346
868,1.1449124381624327
869,0.37139186808253355
870,-527.1484599999997
871,1.875244594566451
872,-1.823600484301118
873,0.27494620036359196
874,-0.7893784908824613
875,1.622276539167623
876,-0.6546426712600254
877,0.6189552518373266
878,-0.1196166112068853
879,0.41418590522912646
880,-1.159992480975206
881,-0.27579692790852384
882,0.1417895408931819
883,-2644.4960999999994
884,-9630.96652
885,-2772.189750000001
886,1098.0910200000005
887,-12071.55228999998
888,-451.39434000000034
889,-83.5666673374279
890,1.762214989191629
891,1.0857739513861184
892,-5842.769059999999
893,-1.4034940862856133
894,-6621.455230000007
895,-0.8832497161138388
896,-0.45899434385311216
897,-4.927980560080858
898,-3575.7328799999987
899,0.0891158310347217
900,-4422.239200000004
901,-4199.360090000002
902,-0.18148283855137604
903,0.33476390490033686
904,-1.6157442413392076
905,4.255598732085573
906,26.634568532331013
907,-0.8847018326962419
908,-2434.0962499999955
909,-0.30385360947253054
910,0.23774571922441748
911,-0.241337465575458
912,-8256.195779999998
913,-0.008048633975440523
914,-1.020997080003206
915,-0.4929400001852911
916,-2859.792949999998
917,0.19396046015050905
918,-9.14529427825533
919,-0.13419222614998322
920,-17070.601409999974
921,419.2370415020047
922,-2.26513803409929
923,-8266.63375
924,-0.6009349455922184
925,-0.16548756491914723
926,-0.4126761046210077
927,1524.145461128009
928,-7228.884930000011
929,-0.3166113787279344
930,-3488.3106400000065
931,-15863.726153924737
932,0.49681006541315087
933,1.409044833264659
934,-22515.720680000068
935,-6723.077300000011
936,-3346.606629999998
937,-6580.479469999999
938,-0.7317042567143084
939,0.8500354858463232
940,-7692.829969999986
941,1.3860796157431299
942,-10066.56927999999
943,-7268.065050000008
944,-0.7927585038945965
945,1.0854995281923587
946,1.3332195838293974
947,-2797.6767699999964
948,0.38835438985813425
949,-15103.089530000007
950,-0.21381329359390058
951,0.9015974288369902
952,5.5971406323106105
953,0.3354660879161372
954,-16602.29267000002
955,0.3674750788791078
956,0.9143973320116333
957,0.8334047087856233
958,-0.2987220179354492
959,1.6173332782275427
960,0.7755138382687559
961,-1.500006073816611
962,0.006059417526151016
963,-0.8562421085254709
964,-0.42692719421404435
965,2.035500700097464
966,-0.7341750931472358
967,593.9373699999995
968,-0.3824966050907719
969,-19741.144519999987
970,-0.18159062685899613
971,-0.6623178676085412
972,-0.7305072017669091
973,-4.708227740138767
974,-1.7458627383173075
975,-2039.2580999999982
976,0.5635573282811066
977,1.1309346245649912
978,0.19849220571025727
979,-20530.211250000008
980,-4459.484639999994
981,0.3623395395171358
982,-5140.417889999993
983,-0.9218619798590425
984,0.38565588425881714
985,-0.31980213119990525
986,0.024217651142892167
987,-12177.977819999955
988,-527.8403199999999
989,-1.4171506965670624
990,0.9789372719114721
991,0.5546182755493876
992,-18579.54891999997
993,-0.6878617246899024
994,-0.8821342422186613
995,-1.1068892377001465
996,-0.72325336198471335
997,1.382343003026227
998,-0.7302005720159118
999,0.5270570836050805
1000,0.46821447503264857
1001,6.751152503455419
1002,-5673.975629999988
1003,5033.992820978072
1004,-1.0764844907818558
1005,0.4441958481708505
1006,-0.6012107133342507
1007,-0.6090073908590757
1008,-2409.9093900000007
1009,-1.1938494852587718
1010,-0.24107919533894845
1011,-2.825716317097921
1012,-0.38218229138566695
1013,0.7771989417210918
1014,-6034.00126999999
1015,-0.7517003080535327
1016,-0.16189143308810355
1017,-0.37507733712173086
1018,0.20315630182639682
1019,-0.04270156061780425
1020,0.09458027057650345
1021,-1.4963773438468382
1022,1.0256468736395312
1023,-0.06011797847155471
1024,-0.15248036228030165
1025,-5.433458503242776
1026,-1.5762036487935276
1027,-0.4244336862676966
1028,-1.2962543643135058
1029,278.60947000000044
1030,0.3184364142029871
1031,0.2041504774050599
1032,-0.03750046464446031
1033,-21585.85139000001
1034,-0.12681247616932495
1035,957.403172951037
1036,-0.12361078361637619
1037,0.8942556900473503
1038,0.6848575890118483
1039,-13309.34939
1040,0.8764084771135915
1041,-17643.16331999998
1042,-0.046526209392692114
1043,0.4127765786818355
1044,-15087.646970000025
1045,639.9062999999999
1046,-1.3331991081805366
1047,-7559.346830000002
1048,-0.8707634649690671
1049,0.533029975702705
1050,-0.5004961570230579
1051,32.688596024881015
1052,-9896.976289999991
1053,0.7588536781145628
1054,0.687249179110957
1055,0.609853935034642
1056,0.4375671005693842
1057,0.9103799777663595
1058,-1474.8614599999992
1059,-0.6104072593992783
1060,0.4211912012615967
1061,0.1974385926265529
1062,547.5158699999996
1063,-2716.5331800000004
1064,-0.11462057761276843
1065,-1.6300827228452206
1066,2.091953111198928
1067,-3125.854650000009
1068,1.0408327203790677
1069,-0.8829345264116156
1070,-0.8902719694474812
1071,153.29472698632327
1072,-0.7074389877667926
1073,-2.85850425465455
1074,-5421.433859999989
1075,-0.9386296027996216
1076,-0.671799235904099
1077,-9746.763990000003
1078,0.5827711517358454
1079,0.4110190614104026
1080,-697.3859200000002
1081,-0.06633221252443687
1082,19.648053594114675
1083,1.1077808346597349
1084,0.5234377858993112
1085,0.8659985888210294
1086,-10916.512470000007
1087,-0.5900006358841982
1088,1.9179356754343806
1089,-0.11168871236368137
1090,-1897.9377599999978
1091,0.2349260993157355
1092,719.9055926366628
1093,0.3956600622639559
1094,303.3461600000002
1095,0.1039900801738274
1096,-0.04150868873523582
1097,-0.15669823823051027
1098,408.14514999999955
1099,-0.39054419592124534
1100,-0.9961496317242746
1101,0.3273595846643314
1102,0.19958765193119277
1103,-14914.307430000028
1104,0.4070023191047308
1105,0.41919348320085065
1106,-10803.20470999999
1107,-4372.093680000006
1108,-9.851827724344645
1109,-0.12747847667539022
1110,0.31949817943734315
1111,-0.32834591615424946
1112,-5822.892769999992
1113,-8965.825740000002
1114,-4094.3100300000015
1115,0.3549361692053333
1116,-0.7432744225737086
1117,-1.7279656362093097
1118,-8.428830488462475
1119,-935.4165999999996
1120,-1.7342195878283315
1121,-18065.160490000006
1122,-1.100562575106223
1123,0.5099118794194389
1124,-5064.4641900000015
1125,-2600.179549999993
1126,1.0468001986381654
1127,-5.767661694208563
1128,-7299.2969500000045
1129,-0.731166719318049
1130,0.8290973162762759
1131,-0.9096459460557121
1132,1.0326523594371286
1133,-0.28603747646148736
1134,-0.6133157675602284
1135,-1.541506495321605
1136,-0.1346280412548728
1137,0.17421984834511267
1138,-11463.142940000014
1139,-5963.24951
1140,-2797.4048599999946
1141,0.7087725545223651
1142,-3007.0993400000043
1143,154.32302237534026
1144,1.5511666364975922
1145,-0.59066386544454
1146,-0.18913710350477972
1147,1.2804017258519365
1148,0.057971560783967924
1149,-0.17022469041578356
1150,-0.972673423473538
1151,-917.926920000001
1152,-1.5084743652513264
1153,-0.4588592819700793
1154,0.4277460242573201
1155,1906.4795400000005
1156,0.325767721789138
1157,1.0337056797373332
1158,-0.10539415553525788
1159,0.3171558378535834
1160,-0.2611933356236837
1161,-10828.230750000019
1162,-3261.5300299999976
1163,3.4919238201237133
1164,-1.8616225611208612
1165,-0.8623502147713636
1166,-2334.3570399999985
1167,3.0729629247959256
1168,-0.12448592928566833
1169,-4092.8575199999864
1170,-0.16419175711655135
1171,-0.6972503820973791
1172,-5464.022290000001
1173,6.138657369903475
1174,1265.498610000001
1175,2.1974737492786445
1176,-0.894824404396565
1177,-23526.25287000001
1178,-6359.696749999995
1179,-14904.903840000035
1180,-4244.701070000006
1181,503.43892000000034
1182,-0.5179622870629967
1183,-3039.262040000004
1184,-1.6638756157401982
1185,-4839.029449999999
1186,-5.831938804470889
1187,1.222217624473058
1188,-13429.414359999993
1189,-0.046888991947733084
1190,0.4210115500664568
1191,-7023.905210000011
1192,-1.226626589313581
1193,0.8215125120909862
1194,0.9879451839632197
1195,1.0064794606094911
1196,-4555.983560000002
1197,0.4718095769332194
1198,-0.41820883081499827
1199,-2953.705559999999
1200,-1353.119700000001
1201,0.15755975217951917
1202,-405.2024027927488
1203,0.30340826421404155
1204,-5617.7695
1205,0.2167840803358346
1206,101.19923
1207,0.4009647367854254
1208,0.0797434399107774
1209,1.0935041171008995
1210,-0.10209663797081175
1211,-2488.2660200000014
1212,1.0433136131491478
1213,-0.30251205754702204
1214,-0.06563384186150224
1215,3.8534655334808963
1216,-18259.64074999998
1217,-2158.8552899999963
1218,-834.6875999999999
1219,-1.5477131125829588
1220,0.4109017808146049
1221,-0.0144528433175382
1222,-427.14918000000034
1223,-36.269480000000065
1224,-3454.458040000004
1225,0.9247039874497885
1226,-10810.914119999992
1227,-0.8596869039576488
1228,-16948.297230000022
1229,-333.73983999999996
1230,876.7260899999992
1231,0.4368238804107996
1232,-1.0611878982320007
1233,369.1819040367786
1234,-3206.7768999999994
1235,-0.6015230609316722
1236,-0.12099271192973264
1237,0.40264660627777543
1238,0.26780238245112065
1239,0.6141274067780432
1240,263.27941999999985
1241,-24.997045900275783
1242,1.9331355862343387
1243,0.13989866472517187
1244,0.19813760574625622
1245,1.2538267585563971
1246,-1.181601555533742
1247,0.5593095379473246
1248,0.2693863613035804
1249,2.2110108916668607
1250,-2615.6431699999957
1251,-14823.509690000024
1252,-1.8575537703329144
1253,1.5542579160275825
1254,0.0935060886809021
1255,1.4854083197032375
1256,-32.20566999999984
1257,0.9426678680262834
1258,-11610.14883000002
1259,-23607.224790000037
1260,-26966.614430000016
1261,-5429.728720010841
1262,0.20871699856909223
1263,-25965.866200000033
1264,-0.4412493454046291
1265,0.788638461803809
1266,-2574.739689999992
1267,-3.6705982171335587
1268,-0.3502899126104711
1269,-0.06357628426588637
1270,388.24628999999953
1271,1.172038886441413
1272,0.3089886435330546
1273,0.18816704852742366
1274,-16686.11843000001
1275,0.8484539055387071
1276,-192.3976100000001
1277,1.0515826974741602
1278,-20.699782792665353
1279,-7104.251930000001
1280,1.8107957337610159
1281,1.0545947585810824
1282,-13528.989450000041
1283,0.18943508896833622
1284,0.005005351035971005
1285,0.3375333160774622
1286,-0.7406382024429166
1287,-8016.756250000006
1288,-0.26152498818405234
1289,0.929377133097794
1290,-0.07452571197923451
1291,-1673.1664399999981
1292,-0.46671869422732043
1293,-0.8180345468134231
1294,-0.3851799183807707
1295,1.5277383028722236
1296,-0.17761349851689665
1297,0.13853471176523166
1298,-8.712189864310028
1299,-4334.15180000001
1300,-2598.6240899999943
1301,-4177.42664000001
1302,-0.004389417476647059
1303,0.3467356020899299
1304,-0.46308534573004806
1305,0.388437666925821
1306,0.13867324555534202
1307,-0.785383115954022
1308,-0.45918785393720385
1309,-0.4090219651133674
1310,0.4004050515984134
1311,-1.5334683538440976
1312,111.88078811932354
1313,-21093.665250000005
1314,0.36538475572891366
1315,-2537.543860000003
1316,0.5506035805434154
1317,-143.29867521816942
1318,-17104.757860000052
1319,1.291696071890138
1320,-5.34616119743403
1321,-23395.860220000017
1322,0.2620498591589038
1323,-1.3407754501593627
1324,0.6100481676632743
1325,0.15339520617656555
1326,1.1281016601760028
1327,0.4023043773614641
1328,-2883.694129999996
1329,-3.974688228452965
1330,0.012941770164904788
1331,0.5076000453717209
1332,0.5318730545875096
1333,-0.1427802155803869
1334,0.5714618336458503
1335,-0.3127024103385365
1336,0.823555984073492
1337,-5863.817039999993
1338,-0.4545276941429373
1339,0.13302857628353265
1340,-0.13600025847066516
1341,1.813593201223366
1342,0.5956149494986854
1343,-12014.573879999996
1344,1.6503354401662351
1345,-12114.105420000022
1346,0.3734451446100031
1347,1.132143408183146
1348,0.4725850155846596
1349,-7917.370429999983
1350,-0.6185971514524727
1351,0.8851506179981962
1352,-16498.791890000037
1353,-1.8302218887533042
1354,16.96447841710069
1355,-322.3350559717468
1356,-1.5213704936368946
1357,387.03575000000006
1358,-14173.618959999998
1359,0.7816237242379258
1360,-12400.157670000004
1361,-0.24168960327145408
1362,-2810.2165599999967
1363,-0.47804337751316217
1364,-0.7155941238848451
1365,-0.584739309020645
1366,-12344.212279999963
1367,-0.7079591416006432
1368,-0.26509983450069
1369,0.6269950628653028
1370,-1371.02338
1371,-4538.094489999996
1372,-5067.818229999998
1373,-0.09966929527181134
1374,-0.05208530671001927
1375,-0.3431930860856082
1376,-0.47265993732782374
1377,-0.7085608304759097
1378,-12043.206159999978
1379,287.1183699999995
1380,-0.967934173411718
1381,3.135063337009245
1382,-3119.3514899999977
1383,-0.8731902016260581
1384,1.6539889420111522
1385,1.1694753928138364
1386,-0.19052253527705335
1387,-2577.6743200000037
1388,-7308.10582000001
1389,-0.8451848816950625
1390,-0.9730341225407759
1391,-5568.756100000002
1392,-1.3078838601470717
1393,1.3737933591426368
1394,1.137261343775461
1395,-0.6131192221423306
1396,-0.3120391240542493
1397,0.011605894496378076
1398,0.2336964411458167
1399,0.767879825196458
1400,0.6375702110267397
1401,1172.687493924686
1402,2.083493650224645
1403,-3448.391209999992
1404,0.8634242834046464
1405,-0.07128632470812056
1406,234.87740999999974
1407,0.2609652551654846
1408,-0.6914789517179829
1409,-1.0257084417190965
1410,-8971.52287
1411,-0.9075578592188074
1412,1.7054808289430567
1413,-2321.37259
1414,0.862503523894897
1415,-0.936063188938095
1416,-1.4157471525441374
1417,-3492.3694500000092
1418,0.2511567731708988
1419,-2423.845699999999
1420,1.150297858334065
1421,1.8902473919775336
1422,-1.6086864356664419
1423,2172.7115669806035
1424,-1178.9276900000023
1425,1224.5959799999985
1426,-0.011188844712448283
1427,-3120.478220000009
1428,-1.3583966518082313
1429,1233.9410379521398
1430,-3847.4626300000086
1431,-1.126387588812916
1432,0.7230036669225106
1433,-1.7604791021921324
1434,0.842847653455908
1435,-10688.163210000002
1436,-20439.868679999996
1437,-0.6654500220226564
1438,-3556.320370000003
1439,-4934.308689999999
1440,1.0629647901175168
1441,-8760.144489999986
1442,-0.9108585789778656
1443,0.8876721683301054
1444,4.763764201297418
1445,0.165722546214044
1446,0.049668093282809224
1447,-0.7548819685773146
1448,0.34214406427999305
1449,-1.3873977992550341
1450,1.7017274698848943
1451,1.0619710436058907
1452,-0.8516898853968651
1453,-1203.8098399999997
1454,-3121.3705399999963
1455,78.90847020949548
1456,-2690.2309500000024
1457,0.43907526294848553
1458,1.6704385446864025
1459,0.05740267427752216
1460,-5164.001529999998
1461,-0.38806014589548193
1462,-0.18140180339009654
1463,0.15826225779928868
1464,-8.642927964335847
1465,-181.20291781526464
1466,0.521693157472005
1467,-3129.079910000004
1468,-3969.8354200000035
1469,-1361.2884800000004
1470,0.46076366131791485
1471,-7086.638369999997
1472,2.2021621016187
1473,-0.9451669499927858
1474,0.8755321635509306
1475,-0.8202537872700615
1476,-3376.5427099999906
1477,-5067.285509999995
1478,0.046183834116731444
1479,-2.106957460306441
1480,1.2093709854921324
1481,-2.524807606011393
1482,0.02599558311496967
1483,-1855.1317799999947
1484,0.7332798560069063
1485,0.5228811639841712
1486,-0.11095120706910745
1487,-8415.46922999999
1488,-1.208515128195
1489,0.662274134326806
1490,-7676.396400000001
1491,10.508290585346671
1492,-2502.722540000006
1493,-0.3996587793268266
1494,0.5682643300180843
1495,-538.2703199999996
1496,-13352.695870000007
1497,-701.3529899999994
1498,-0.4969263876518758
1499,-10307.366259999999
1500,197.46013140093027
1501,-6301.294809999996
1502,-0.8404753456751652
1503,0.09802219670960571
1504,10.778379919283179
1505,0.6960095840354611
1506,-6039.286449999998
1507,-0.5779213841168795
1508,-857.6327400000008
1509,470.20918633842035
1510,399.4446500000001
1511,24.050460585660225
1512,16.847149220152343
1513,-0.5904449480424628
1514,0.06296264915461472
1515,0.4317343975468749
1516,1.8383736946340383
1517,81.76989349354147
1518,-0.6669186714832893
1519,16.484128220282848
1520,-1.4633636353386608
1521,-2590.426500000001
1522,-0.4105368137055712
1523,525.6491500000008
1524,0.7007557637422972
1525,-14212.70607999999
1526,-1253.0026900000014
1527,-0.42525646655244015
1528,546.8431693849434
1529,-1.1635904924706444
1530,36.42599785287302
1531,463.54424361000576
1532,-0.7294476771465089
1533,1.1311584074392036
1534,-1.3523920343259683
1535,20.03803477992973
1536,-5873.830369999999
1537,158.34399372383737
1538,0.09680598231265514
1539,-472.27528103782146
1540,-0.8428804917301875
1541,-5700.006639999983
1542,-4721.994589999999
1543,-1.1314334064506135
1544,0.16152674742545345
1545,0.39172383989494
1546,-29235.546439999973
1547,0.11271159987167341
1548,-1.5240289552601332
1549,-14.870703942457865
1550,-0.4053071395555362
1551,-8629.600849999979
1552,0.5070688477343137
1553,-2673.222560000001
1554,-18342.623559999975
1555,-1427.7587522676495
1556,-3.4353184359629103
1557,23.476764475840167
1558,-29898.598360000018
1559,23.49046754268057
1560,5.584223545620544
1561,5.466987480509681
1562,0.5525606548603462
1563,-1.1881021876829803
1564,-1.896728505631231
1565,0.3410190655535057
1566,0.3172586117558559
1567,0.11610990893772197
1568,-1.427141595680821
1569,0.7413413197394738
1570,0.885928267710501
1571,-3912.163290000006
1572,-13298.66678
1573,-4864.3199399999985
1574,0.6307808803912061
1575,-1.1705620840319992
1576,-0.08825568106558836
1577,-0.2107670556465106
1578,-1.9133082797930407
1579,0.7331414183722307
1580,-8297.197680000008
1581,-0.1334474474553337
1582,-2.9052965336970074
1583,0.06375264235158311
1584,-0.6079703033968192
1585,-1.3517522004616846
1586,-7244.504560000002
1587,-1.1817438319631324
1588,-9.00861780695763
1589,0.11390997563602262
1590,-5943.7457899999945
1591,-0.7395538600258046
1592,0.1880042095992024
1593,-12390.962669999948
1594,-20425.802920000013
1595,43.96775517581929
1596,-8941.979600000006
1597,-0.14438511058055697
1598,-5693.749449999997
1599,-956.628119376914
1600,0.27343526214895625
1601,5.523644533134115
1602,-4419.596609999984
1603,16.86366304273842
1604,21.59320098375569
1605,1.0531089530538056
1606,2.408665705846893
1607,13.12535969049214
1608,0.55694759578323
1609,5.6018098810265515
1610,0.43911589393484396
1611,-12895.06878000002
1612,-0.11974594802750066
1613,-5022.718
1614,-2954.8265400000064
1615,3613.8842650098154
1616,-0.3482227084076484
1617,-0.21307946252048438
1618,-17507.528750000027
1619,-1.1387824549337857
1620,7.151494066188439
1621,-23451.67001999999
1622,-0.36191924576121437
1623,-477.1205299999996
1624,-3.511772808074446
1625,-1377.925349999999
1626,24.182748141213754
1627,0.1885824374293805
1628,-1671.596029999996
1629,-15683.411890000029
1630,-0.9773449535281497
1631,2.9514852294458143
1632,0.12802532165074706
1633,22.564667127998042
1634,-0.17967489172264958
1635,-27119.05710000003
1636,0.36437218658568216
1637,0.22871457021768846
1638,-5722.819539999986
1639,-0.3364479290040352
1640,-14843.052630000035
1641,-5742.533820000006
1642,0.9468822654811132
1643,0.08790987713568181
1644,2206.26684
1645,0.3142227453373838
1646,9.229262478971433
1647,0.7334501271128941
1648,-0.6647370868984039
1649,8.182215662425602
1650,0.7746859044167864
1651,-5972.085489999996
1652,-15051.415600000013
1653,-4226.668280000004
1654,-12948.522750000007
1655,0.06985280957409037
1656,0.4249254353014617
1657,-0.7955847562395286
1658,-1.1862965550167321
1659,-0.5822304908769497
1660,-0.9069612970212086
1661,-0.2006140529766005
1662,0.6173991426422174
1663,-0.5735915066107682
1664,0.9815742608424624
1665,-2.859662385493436
1666,-11410.909070000002
1667,-15899.909140000012
1668,0.4378469205306224
1669,-1.7499919011038454
1670,0.48478475083333605
1671,-1511.1537300000011
1672,-6410.187239999979
1673,-5567.437539999992
1674,-1429.840600000001
1675,-0.05229178518341262
1676,2.3526183535422796
1677,-240.6244400000006
1678,0.26842676261521553
1679,-13652.572300000016
1680,2.8529662620787537
1681,18.35220933827722
1682,-1.5123525926805135
1683,-0.42837320649170985
1684,0.0021500282008238172
1685,-0.9589943949633043
1686,-0.4264917558636273
1687,-1.2910951577172813
1688,-1.645354845345606
1689,1.2403412221121544
1690,17.749115764187927
1691,0.27575586826945214
1692,-3244.4283100000002
1693,-0.5651899805781269
1694,-7239.995689999993
1695,-803.4890100000007
1696,1.4267913411990223
1697,2390.843049999999
1698,3.4580201443451606
1699,1.232569332509185
1700,-2175.1615600000023
1701,4.252780208233621
1702,-0.38699620909090116
1703,-5385.44688000001
1704,13.235054930524587
1705,17.071573688865872
1706,-34574.29077999997
1707,-0.2232391100310804
1708,-2081.720299999997
1709,-1.1235992054653696
1710,-0.7465383355699351
1711,-3196.305000000002
1712,0.9092685320079134
1713,-0.5670802082651575
1714,-0.14490348410499718
1715,-3757.566020000003
1716,-0.16381708338683726
1717,-9266.766669999985
1718,-6268.404310000003
1719,-0.3793719019967547
1720,18.117695785954417
1721,-4562.469449999999
1722,7.329618108156788
1723,-1212.3961799999997
1724,-18955.891230000012
1725,-5746.303970000009
1726,8.030506961103573
1727,-1.371624539729881
1728,-1.1034635134099937
1729,0.46359723597884234
1730,68.73877410146473
1731,1.284312859841397
1732,174.49506000000017
1733,-1.1231688864340432
1734,0.20864113947812613
1735,9.421419975447721
1736,-24242.664379999944
1737,1.537095870050784
1738,1.205868493187216
1739,41.28233123629461
1740,21.974392844623445
1741,0.3347602262558262
1742,-3387.8334200000018
1743,107.00565999999975
1744,773.7450254689879
1745,0.31761813759101964
1746,-1.2560584995950073
1747,1.4322037614469467
1748,-1039.6640399999983
1749,-2659.1646499999947
1750,-919.855279999999
1751,0.034163727117575135
1752,-0.3043601931949899
1753,0.9241868834914565
1754,0.028854122420899783
1755,-6.951953176139736
1756,-1.2142832604962246
1757,-2840.8694000000005
1758,44.89639547881505
1759,0.6275202651494706
1760,22.283650359445677
1761,0.326834113773367
1762,-0.28565679000295585
1763,23.91903200923551
1764,-5023.828719999999
1765,-0.44726062641094044
1766,-0.2375124816500797
1767,-1.2333716053558836
1768,-22644.2006
1769,-838.9753700000011
1770,0.10540697969014348
1771,-8761.670060000006
1772,0.46523327089117106
1773,0.38040883862583436
1774,25.104558674200497
1775,-0.5192763493959205
1776,-1.0588760877183665
1777,-26659.757630000095
1778,-1.2202898005193363
1779,-1.4201453008334926
1780,-0.8196470220282032
1781,-7242.618650000001
1782,-8085.849399999985
1783,-8325.314019999998
1784,-4198.512859999997
1785,0.5776007111592497
1786,0.18993319424201538
1787,-9.527397058658222
1788,-21415.134400000017
1789,8.371780555373178
1790,716.6072799999996
1791,-6717.554849999998
1792,-0.24620939864044364
1793,-14382.90796999999
1794,-5509.778909999997
1795,-0.022808051568350335
1796,-18990.50467999999
1797,-2.24024827933265
1798,-5711.980649999989
1799,-0.9541376448595007
1800,-4090.9606300000028
1801,0.7661320594314917
1802,0.7752531817256358
1803,0.9858747880453734
1804,7.71231213166705
1805,-0.08213408974036679
1806,-2289.745100000004
1807,0.15520281996600405
1808,20.24101000055384
1809,-5209.488449999993
1810,-3542.881440000003
1811,-0.06574071377211073
1812,1.1352515887952814
1813,0.6919968621892505
1814,0.5086433495194401
1815,-1.2422563383667329
1816,1.1034566840430968
1817,-4886.99238999999
1818,-0.5252387887323986
1819,1.0204163922766205
1820,454.4323000000005
1821,-0.4275710255956557
1822,-0.2928797680171825
1823,-3440.4015499999923
1824,0.18913027272249083
1825,-3808.239350000002
1826,-8917.354130000007
1827,-0.5225449174487868
1828,-5977.334849999998
1829,-0.36580585209113337
1830,-12900.287509999991
1831,0.8001672470243799
1832,1.2979151253782046
1833,2478.693449999996
1834,1.4595244091543627
1835,-221.257623994519
1836,0.09944265183330929
1837,0.9101535427877382
1838,-2.6251553175653424
1839,-34061.193939999954
1840,-0.22980875275050477
1841,1.0241249788231328
1842,-0.49904195112850225
1843,-7645.844550000002
1844,-3160.6789100000024
1845,0.11089165599554042
1846,-0.5108700472146984
1847,-7112.342179999989
1848,1.0457116883700488
1849,13.65194479910173
1850,-11642.047500000022
1851,0.3777926202398269
1852,-13256.662229999994
1853,1.2240302852377394
1854,3.6583595886340845
1855,-0.889584877803089
1856,-1855.3615299999988
1857,-112.57564000000025
1858,-13369.29272013001
1859,-0.19958802034009482
1860,-1.0949467032885136
1861,-0.9826008706476618
1862,-9.054697957455607
1863,-2938.606720000003
1864,-0.5506955013554545
1865,-10901.54783000001
1866,-1551.928689999999
1867,3.100587386265498
1868,-254.44252
1869,0.6476403922773319
1870,0.6991926535037435
1871,-0.13925937695100307
1872,0.1280522636998141
1873,-3736.9473999999973
1874,-0.8852776564193382
1875,-8988.284579999998
1876,0.7921008784279258
1877,0.75626351190398
1878,-5842.643349999996
1879,-2673.3668200000006
1880,1.0532770062408479
1881,0.4532226344130884
1882,1.1303194818799438
1883,-6750.137829999973
1884,-0.12861720157757056
1885,-3.572805863746707
1886,0.9825713376192425
1887,-730.4699700000007
1888,-13638.04532999997
1889,5.265525078469106
1890,-2702.9526000000023
1891,-29729.851470000063
1892,-189.41277000000002
1893,0.017675645629582078
1894,-2238.244400000002
1895,6.89461052705236
1896,0.6224958009294479
1897,-7915.840130000003
1898,1.2365497186747394
1899,-17098.372900000002
1900,-4517.766610000003
1901,770.6058800000008
1902,-0.7422158920872179
1903,0.1332731120649668
1904,-7633.828460000004
1905,-2291.125600000001
1906,-0.14735018970927607
1907,0.06309000616728959
1908,-10699.30242999998
1909,0.5226927686682732
1910,1.397176465469242
1911,-5670.354739999991
1912,0.3029143627972226
1913,1.0878161693319146
1914,0.5404027774796645
1915,1.7235577755886649
1916,-16887.292499999996
1917,-0.7715335015795608
1918,-2515.4855899999975
1919,-7342.415140000017
1920,0.0035135777962767385
1921,0.00450685651587881
1922,-4.017290608360758
1923,-2474.859489371613
1924,-0.31866875018395346
1925,2.010982509160915
1926,0.18059390308070694
1927,-4809.002769999995
1928,-21.91810930762561
1929,-6902.772280000018
1930,-3253.5343600000015
1931,-0.38417397642790846
1932,-1689.0657899999992
1933,0.806844506688211
1934,0.7053014963127237
1935,2216.590559999999
1936,-0.34985284242075126
1937,0.6436737337103323
1938,2.1123407468367708
1939,-7890.1479199999885
1940,1.0483719707272305
1941,-5543.572720000001
1942,0.22948756080400454
1943,-0.2748363471957605
1944,-0.8878098513184557
1945,-3567.1241400000054
1946,-15109.67110999999
1947,0.22220833624456227
1948,-0.23495174475298222
1949,0.5395372707631084
1950,0.4578145681427639
1951,0.39858048521597533
1952,-3622.6593599999956
1953,-0.7201767504957999
1954,-6411.268199999995
1955,-10466.110699999996
1956,1.3212530944004477
1957,-0.06729755547116596
1958,-1.2764841395509705
1959,-0.5215132763489939
1960,215.92037164763815
1961,-57.897540000000035
1962,1110.9227100000019
1963,-7.492011542579045
1964,0.15118278796582105
1965,0.008261331791668972
1966,-5.480573413382243
1967,1.5747037811101006
1968,-0.03159206865346647
1969,0.27812563977859284
1970,-3930.146649999996
1971,-11.894754574922612
1972,0.10582430608922105
1973,-2.5985726556478124
1974,1.2258226911395675
1975,-4229.555059999982
1976,-12542.724992198579
1977,-13011.223420000006
1978,-0.81664976406399
1979,0.1915181947132879
1980,0.3427972865221065
1981,-14579.92898
1982,89.78611584407828
1983,-35464.11044000001
1984,0.2828481723334597
1985,0.46837985980077756
1986,-0.6126220967620303
1987,1.74949487096469
1988,0.10794491225249567
1989,0.5162473798572925
1990,-2.2226710099816906
1991,-0.5035149336673447
1992,-1.7878360995926326
1993,0.6578768189004155
1994,-5801.246950000002
1995,0.40742993332273764
1996,1.1302019139129098
1997,-845.0333300000001
1998,-0.3691061892301643
1999,-0.4734667558721337
2000,-0.008109728072158354
2001,0.9132653715821877
2002,0.8406453592041195
2003,0.07469924450339147
2004,-1.519260924884896
2005,-1.05487145250695
2006,0.25098783507595773
2007,0.7486582502116441
2008,-7393.496850000005
2009,57.51294884116451
2010,0.038817860323516334
2011,-37263.56132000001
2012,1.950419642673984
2013,18.875725976268413
2014,48.8467865269509
2015,4.005385833147913
2016,-24.023710000000154
2017,1.9297658507270428
2018,-3373.2258299999926
2019,-18779.811709999994
2020,7.067678093542306
2021,-15624.200499999986
2022,-10250.595759999964
2023,-0.4820841692800235
2024,-0.6978470829858917
2025,136.8700000000004
2026,-0.21094992578136487
2027,-1.429639483504584
2028,-0.5077873011254461
2029,-1.5570955271712232
2030,-1565.5538799999988
2031,-0.31297606339113854
2032,-5598.168459999992
2033,-14149.814139999993
2034,-29078.16437000001
2035,12.847996046151389
2036,1.1778770331448554
2037,-277.63414577940677
2038,0.6418500794078332
2039,1.740236407244053
2040,-0.14725808147851643
2041,-0.09135557458525508
2042,0.4465590511685726
2043,0.6148979929494126
2044,0.9338397136045752
2045,0.16539740358421237
2046,-702.8200900000019
2047,0.3192554474701078
2048,-197.37630000000016
2049,726.6079900000004
2050,-2348.834619999996
2051,0.13369201508124282
2052,-0.27032301651178325
2053,-0.22097455450933756
2054,-3958.4236299999993
2055,-0.4334525169285947
2056,-13800.319780000005
2057,10.153590281717975
2058,-24210.487439999994
2059,0.7981366525825553
2060,-0.35855154613299933
2061,5.722192147240705
2062,-0.626840927192423
2063,-122.86777999999974
2064,0.1094402689302681
2065,-10993.175230000013
2066,1.7871571243052107
2067,-5208.59801
2068,0.40180177470707673
2069,0.8931556789148906
2070,1.0638120071753299
2071,-4924.985209999992
2072,-10133.997770000007
2073,-1.2780523681569578
2074,-4.584656638861663
2075,0.37340528860461086
2076,158.12257120051999
2077,0.011157589379475684
2078,-1.3823724362608092
2079,0.1976098801543207
2080,0.9152452669550047
2081,-0.12013881789171242
2082,0.4749174180206401
2083,1.0258026153667172
2084,-0.8234118129533095
2085,0.3084117658645418
2086,-0.26103993069745024
2087,-0.02117856601443261
2088,0.726747101291731
2089,-1.2577058161373134
2090,94.52111000000009
2091,-10063.83684999998
2092,-0.03807722377999466
2093,-213.3834205552076
2094,33.28247550180099
2095,10.940960407567639
2096,0.288516089254971
2097,-0.16712353900541255
2098,25.573354988816234
2099,-0.722792381322168
2100,-0.6402522115887512
2101,-1.2186281395382925
2102,-7240.858390000006
2103,-6066.939889999997
2104,-0.09943293115830089
2105,-4350.0973500000055
2106,396.26076999999935
2107,0.38034536605836583
2108,-12.098949638342868
2109,0.47988241856998715
2110,-11467.95763000001
2111,-11608.458809999998
2112,-1.6719765696125373
2113,0.4051935212612409
2114,-13503.297770000006
2115,-0.2157048401006509
2116,-0.42547187000675424
2117,-1.1567542965670154
2118,1.718987763931939
2119,1.195482270065273
2120,0.8665517625298593
2121,2.080228498384198
2122,0.02380295414762791
2123,0.12005456940679586
2124,-0.17400412427003006
2125,-12291.925629999985
2126,-430.0078800000006
2127,-11.716206787838473
2128,-10182.827849999996
2129,26.69698708968045
2130,-2.1876251890877696
2131,-0.6457564501388603
2132,1.1044257403426974
2133,-0.1230173093257739
2134,-0.43484466888267553
2135,0.40071208820515936
2136,-9476.565750000003
2137,-14195.629440000004
2138,0.5608611424106471
2139,-0.38866760531586325
2140,1.1298418587149435
2141,0.018264128426866748
2142,0.4169493410474664
2143,0.4168623443927518
2144,-18.492773668545457
2145,1.0469790502900032
2146,-0.582637344832521
2147,-6843.209419999988
2148,-5890.253939999997
2149,-0.8924358990100689
2150,-660.5709099999999
2151,-10044.123539999995
2152,-3943.5277000000015
2153,0.2580800568408768
2154,-30472.799060000012
2155,-0.5839385015996198
2156,1.5413232318095476
2157,-1.2537846853173675
2158,-8565.418559999984
2159,1.7294640020541232
2160,1.5978079487944765
2161,0.030890976963022745
2162,0.29434182344052917
2163,0.4360508536396521
2164,5.775780515920663
2165,0.7837466107781944
2166,-1.4342650405860196
2167,1.0459536752431104
2168,-17402.25310999996
2169,-0.1215690303214689
2170,-0.6744588901819261
2171,-1.637960039132878
2172,1.2248216924115263
2173,-0.6844111247200546
2174,-11203.231839999986
2175,4.429082691141167
2176,-0.3601486875233096
2177,17.272213989832796
2178,-0.47082566292658407
2179,0.33431748131950195
2180,-0.9153177619689038
2181,-0.8593582895070532
2182,-11942.220819999973
2183,-0.052663412410535904
2184,-0.29609140086501257
2185,-3.7448231933597977
2186,0.031243789188010147
2187,-1.1538645510748369
2188,4485.745629717101
2189,-1695.7174399999979
2190,-11.948903186098995
2191,-0.5414014550317545
2192,-8899.472730000016
2193,-0.37149798137719947
2194,-3374.8997600000025
2195,-18.99629006509307
2196,2.4064266208598997
2197,1.291074356118896
2198,-0.8299541411258683
2199,-0.8300919364596041
2200,0.3090585911348581
2201,-1495.3437599999995
2202,0.4194533745908704
2203,-8561.981539999982
2204,0.8868163286102365
2205,-0.5827965172864643
2206,0.5555171993208803
2207,0.376631978439152
2208,2.7256026014459196
2209,0.3725457731128818
2210,0.18123032789599244
2211,-0.43153931238648896
2212,-1.412082883007522
2213,-8890.440240000005
2214,-0.3671268212052249
2215,-0.2947847956807831
2216,1.4403396299949531
2217,3.859176501233113
2218,-4.140251548421593
2219,-4512.83155
2220,-1.8950509378504399
2221,-0.808612012703462
2222,-0.18700649403973527
2223,-0.9739759858825404
2224,0.24953844125299712
2225,-0.3577242919348973
2226,0.427064955649403
2227,-5048.551379999994
2228,0.6256499866553145
2229,1.128097464419741
2230,-0.2487413834528237
2231,-2779.764120000003
2232,0.06523845795054942
2233,-11849.396959999998
2234,0.52070886059797
2235,1.6657463534721095
2236,-26401.219080000064
2237,-0.5992283505671211
2238,-1.0845584216812534
2239,1.0304520440720522
2240,-0.4745181610890527
2241,-1.223143987198894
2242,-643.5273400000005
2243,-0.8554851036573983
2244,0.9309317098066437
2245,1.6539071274645112
2246,0.8537937424652234
2247,1248.3251343458453
2248,1.2216484323845647
2249,-5145.676470000005
2250,-0.037305418488670715
2251,0.9692161156672063
2252,-0.00559568369332308
2253,201.96106000000003
2254,-8135.190558125003
2255,-0.12410554493503989
2256,0.01852016794608427
2257,-17059.49983000002
2258,0.4485989646125878
2259,-0.46547741728605
2260,0.6206178091003922
2261,0.4113899515427193
2262,-5186.144659999993
2263,-0.5984300884691325
2264,0.43000391274051747
2265,-0.34494667622956815
2266,0.5694836847526649
2267,-1.0256150576610579
2268,-0.21217297653911116
2269,1.0698725519304884
2270,0.6923554883468459
2271,0.3594233292869284
2272,0.43477730744036724
2273,1.2782879098219095
2274,-35400.16139000002
2275,0.2325552617617709
2276,-17219.76037000002
2277,-0.026937504402396072
2278,-8748.718469999993
2279,-2032.1362099999972
2280,0.2272345683109543
2281,-1.52856747432593
2282,-3448.816419999994
2283,-0.0711037927148665
2284,0.44434488807459627
2285,969.4174199999992
2286,-0.338986264740084
2287,0.31595939460391365
2288,-0.4036570185413812
2289,1.7058238879554344
2290,-1306.0476700000006
2291,1454.4538599999998
2292,0.24826193037242428
2293,-0.6553369303685032
2294,0.3141022818732053
2295,-4720.465799999999
2296,-0.737049048199449
2297,0.8461765179745119
2298,-0.011256466591530295
2299,0.263991921927363
2300,1.7200532257444159
2301,-245.32856276151554
2302,0.5946552433450005
2303,-288.65519829212695
2304,-13784.231529999977
2305,-1.7927391949108349
2306,-3358.233689999995
2307,-0.6341765532212293
2308,-0.07385535050548296
2309,-0.1389640867407551
2310,0.5795895109495431
2311,-3254.340900000001
2312,-7035.331540000019
2313,0.7325294158766679
2314,0.17484355936239826
2315,-25025.442510000037
2316,0.8858455345026071
2317,0.8674887472355264
2318,-0.32597313076507545
2319,592.7796100000003
2320,1.1655426702331262
2321,1.0332060074876759
2322,-1.256692729499285
2323,0.03744322955288189
2324,-0.08130174407820769
2325,-1.2255148767152126
2326,0.8086358827706216
2327,-4557.368469999994
2328,0.5779292916754458
2329,-0.01895196280178633
2330,-0.5230909800566949
2331,0.861909049481674
2332,0.8620620326497309
2333,-0.426607263493156
2334,-2176.314499999998
2335,0.23308309371102146
2336,2390.7176500000032
2337,-20301.271900000007
2338,1.4357790168622193
2339,2.876219573579754
2340,1.9842739976246215
2341,1.844266847718888
2342,-3809.447779999995
2343,-5494.623640000002
2344,-1.685593724114108
2345,0.5753594325701763
2346,-9419.896539999998
2347,0.8809140724941305
2348,-0.1945021385629098
2349,247.02090854059364
2350,0.03909940895091035
2351,0.6132936781133711
2352,-9757.775740000003
2353,-0.033965599859029555
2354,-1557.2030099999993
2355,0.32566057308110924
2356,-1760.7716299999995
2357,-31377.168459999946
2358,-0.14379664133069464
2359,-7965.506879999975
2360,0.3488046223324688
2361,-0.4065899664537158
2362,0.3770741491142834
2363,-18283.842669999995
2364,2.0451703102455534
2365,0.31025461114748515
2366,0.6040178156442111
2367,0.1434560407378347
2368,0.778641701327356
2369,0.1655027921270068
2370,-2518.7506700000004
2371,-4071.978460000001
2372,-11448.864749999997
2373,2.041909838413675
2374,-0.5976053072942838
2375,-8629.407860000001
2376,-1326.5441500000036
2377,-0.0505000326502174
2378,-1749.3979500000012
2379,-2.396187313347152
2380,-0.13988007231070687
2381,2.749874643002714
2382,-3007.542529999996
2383,-0.7678933916122829
2384,-0.11765504895590939
2385,-0.5084962742032529
2386,1.0736560981965872
2387,-1.7993412395525605
2388,-1854.6548599999994
2389,-2401.5857093686636
2390,-7545.718980000003
2391,0.3108688410105208
2392,-0.09639240668918399
2393,-0.08828624555306723
2394,-1158.9705700000027
2395,-9258.384409999999
2396,0.3500439893408255
2397,-1.081356230963913
2398,7.8962043956120604
2399,-0.7674778381954122
2400,-2.8280654770138303
2401,-20525.860510000057
2402,806.6214800000001
2403,0.111550768481051
2404,4.090164248778845
2405,0.6438340678040768
2406,-0.47235253007289646
2407,-10.342867190774816
2408,-3.581965262693387
2409,-6897.541119999991
2410,2.060333145535862
2411,-4646.763930000006
2412,-4134.485249999986
2413,0.23738814968028432
2414,-0.11434376435456514
2415,-5832.432480000003
2416,-4005.8274199999883
2417,-0.009251469215229244
2418,0.5684455918154661
2419,-0.7251864290772377
2420,-0.1414041283294759
2421,-1.0887667044929445
2422,0.935137548633675
2423,0.12156646551937167
2424,-4190.903400000008
2425,1.5024904575413576
2426,1.0824085008775455
2427,0.699126211405777
2428,-1.6856354526178514
2429,0.4157757448218208
2430,0.42471444726098134
2431,0.48749002364778415
2432,-9263.474749999992
2433,0.0846475565322175
2434,-1.0213468316300636
2435,-3375.865380000012
2436,-0.05496220561095868
2437,-5.092512169622263
2438,-654.8692300642664
2439,0.8551063786075807
2440,0.49472274798817323
2441,-2072.175510000003
2442,-14154.816649999988
2443,0.5345881093943393
2444,1.4621449764622891
2445,1.0341927796006267
2446,0.9291471428157327
2447,-0.45246364102253533
2448,0.11352591128457262
2449,0.3209868178003116
2450,-34.55604832606609
2451,-6034.83755
2452,-0.6808578207206164
2453,0.7697512410156789
2454,0.27089139786720545
2455,-0.844836200341089
2456,0.5979237070206758
2457,-0.5396312077737633
2458,0.09397011142362292
2459,0.8196858092304887
2460,0.36502124620989035
2461,-0.5610994843098063
2462,-4523.830390000002
2463,-2309.2230400000003
2464,-1.723369781253728
2465,-0.3424976182892577
2466,0.8690495862255133
2467,-13027.205420000013
2468,1.102131234855273
2469,0.934774858565646
2470,-718.0975
2471,0.134203095902024
2472,-5424.882219999992
2473,-0.33367786336122773
2474,1.4808740119559454
2475,-0.9923840906148412
2476,-0.277122630999107
2477,17.106830000000148
2478,0.07678061972504635
2479,-14549.090010000016
2480,0.7396457204968174
2481,-14334.173609999987
2482,0.3434986028193928
2483,4140.9285800000025
2484,-3354.909310000002
2485,1.1125046268509517
2486,0.6228691054712497
2487,0.9671683302759579
2488,0.7231807939442404
2489,0.1503904025462101
2490,1.2475334757281036
2491,0.9396744062297018
2492,0.5346022906219527
2493,-4219.8095399999975
2494,-0.271209529308611
2495,-4438.117209999999
2496,2.3486580045818473
2497,-35250.12119000004
2498,-34610.26773000003
2499,-0.1713460068932886
2500,-5582.9080200000035
2501,-0.6884277992692701
2502,-1.932742556257217
2503,0.21486300712940015
2504,-15214.715780000019
2505,-13675.109719999991
2506,-0.2930189113363062
2507,0.2865821214171932
2508,-7214.849439999992
2509,-9297.95759000001
2510,0.09837553861145942
2511,-2893.4438700000046
2512,0.28474042697813207
2513,-6099.447279999999
2514,-5007.302069999994
2515,-1634.2667499999995
2516,-0.33779453673012666
2517,0.21865794493571963
2518,0.5487376471538319
2519,0.6014560549792894
2520,-0.0496340453557718
2521,-3949.6324399999958
2522,0.3969352733322252
2523,-0.5320195932446975
2524,-1.3805174908531141
2525,-0.8684607933539172
2526,-0.03846893183525702
2527,-0.9034360018891051
2528,-0.7203969495664267
2529,665.7395151407009
2530,0.4227417003221933
2531,0.24053181195104384
2532,-1.0760077915957855
2533,0.23226834248068912
2534,0.9192659447657078
2535,-0.3664139347919471
2536,1.4264231227505952
2537,-2642.60393
2538,1007.5899704542397
2539,0.7272979152123972
2540,79.20641000000019
2541,-23157.545993102674
2542,-1679.3134799999996
2543,-0.6769779038434087
2544,0.18567316482040314
2545,-12369.750089999956
2546,-3702.658059999993
2547,-3.1705719257055804
2548,0.7812463561771975
2549,-4417.447990000003
2550,-6034.477239999993
2551,-0.15475290901016067
2552,-1.3958586243467022
2553,-0.3806129106056555
2554,-0.2312268067665455
2555,-0.2468358775557642
2556,-15524.113130000022
2557,-1.266034500080279
2558,-0.20419099656748005
2559,-4692.209259999994
2560,0.2304243912159175
2561,-10065.507609999982
2562,-12846.381579999985
2563,0.6883267118529953
2564,-6602.922259999982
2565,-0.10062714304492629
2566,-14113.536580000005
2567,-0.9457717938113228
2568,-10074.155639999975
2569,-258.86648208835237
2570,4.549543421686561
2571,0.8980452231076629
2572,1.098438138961375
2573,1.8920370431930977
2574,0.7224238411220917
2575,-8015.084799999978
2576,1.1048800547643147
2577,0.2639310336430837
2578,-666.0572399999988
2579,0.8920443572948773
2580,0.07755687052776862
2581,-0.3760289527481201
2582,-17572.19742000003
2583,1.2664408906245
2584,666.8453099999996
2585,-5009.060689999996
2586,-0.029972689771721826
2587,-0.863062922347823
2588,-743.6948799999986
2589,-0.41781564307844943
2590,-0.4193311738321599
2591,0.8686976302627041
2592,-0.38193735219819086
2593,-0.12511870226236896
2594,0.72540296899222
2595,-3953.772810000008
2596,-1.2407715023348393
2597,0.9670435492215752
2598,946.9503300000034
2599,0.6198597326594388
2600,-10248.41631999999
2601,0.5339065484178991
2602,0.42196413451179876
2603,-0.4435723452366716
2604,0.6908210220762615
2605,-2369.024329999999
2606,0.052761423014483104
2607,2.677851265830915
2608,-10015.157869999985
2609,-0.8085531023885879
2610,-1088.8397500000017
2611,0.6949953257519182
2612,636.6673500000009
2613,-14638.420449999972
2614,0.3883355089866848
2615,-0.779840945040546
2616,8.963981744089942
2617,-15635.636420000013
2618,1.0818928401381642
2619,-18150.433290000008
2620,0.20066021376540188
2621,-673.9265325121506
2622,-3373.661200000004
2623,-2.10974213511871
2624,-0.5064909347249136
2625,-1.4827644129798672
2626,-11823.937069999993
2627,-2.4546413944734624
2628,-28576.769819999958
2629,-0.5798093337641418
2630,1.0412881214701861
2631,0.9140438849433468
2632,0.2645345909437183
2633,10.402056751309214
2634,0.1852181541300862
2635,0.953376431793068
2636,0.3501358261179137
2637,-2.0609129000974846
2638,-3567.8012699999927
2639,-20602.594303924805
2640,-436.9211300000005
2641,-7419.137190000016
2642,0.046409953242085286
2643,-25229.020070000053
2644,0.8749504315120008
2645,-0.47595088996807
2646,-5981.414530000015
2647,-1148.1117900000027
2648,-1.9293716782980588
2649,-0.41315028747488697
2650,-1.128789682350972
2651,0.8296518469802068
2652,0.7730500687525157
2653,-884.9888200000001
2654,0.055897579924198866
2655,-0.11547424087127973
2656,2.0052230051780184
2657,1.4060422257051852
2658,-20167.36444003155
2659,-37221.53017000002
2660,-1.9603714431939814
2661,0.2225758414260167
2662,0.6326597956849423
2663,-0.34169037253199747
2664,0.3615563114385246
2665,-10718.043609999995
2666,-2143.4539999999997
2667,1.046955415925071
2668,0.11588744375654338
2669,1.4207351133109871
2670,-3742.8690999999876
2671,-0.07173146700726794
2672,-8295.851859999988
2673,5.783152572428695
2674,-850.1219100000015
2675,-5186.984649999998
2676,-1.1927382906613382
2677,1.548667722926887
2678,-2186.2516199999995
2679,-4994.707249999999
2680,-20805.09875999999
2681,-0.97831944322277
2682,444.4132028746825
2683,1.3635566675870219
2684,-0.0856647931827891
2685,0.9413945033048758
2686,0.25286818692542057
2687,0.01823560537130916
2688,-1.6144251873084305
2689,-431.6934199999987
2690,-0.22297713372113717
2691,0.39364658625697907
2692,0.5246381115887444
2693,0.28295010281813743
2694,-1078.920459999999
2695,580.8245700000008
2696,-0.8272842586472771
2697,-0.2871986395339206
2698,-4797.863170000002
2699,-110.28407498023829
2700,-1.912987404102676
2701,-0.6380785194589531
2702,-970.8648200000008
2703,-0.047580192076324856
2704,0.7396920437508292
2705,-3.2511147739314596
2706,0.005174330303971333
2707,-233.56740999999948
2708,1173.4604382287052
2709,-0.5550533585627193
2710,0.5246224424447757
2711,1.6227083965006708
2712,0.07530300225969924
2713,-0.571277787881866
2714,-5613.390839999996
2715,-3737.274570000001
2716,-7314.319629999987
2717,3.2376815617836203
2718,1.2732601220036037
2719,-4203.845820000002
2720,1.8960070652100367
2721,0.22155546486449104
2722,3.5843488411326527
2723,0.6332667790491384
2724,-0.006954074091718482
2725,1.1640194100485735
2726,-11403.084449999997
2727,0.288446220267346
2728,0.3159007388746667
2729,-0.2926607307956139
2730,-4893.746509999995
2731,-0.039449479253232674
2732,-22864.44896000003
2733,1734.3532790724928
2734,-5283.924689999986
2735,-0.2938608987481331
2736,1.4467762913265698
2737,-0.08650674283341919
2738,0.4022212153520863
2739,-0.27777915084238086
2740,0.6228643310445664
2741,0.532084756237389
2742,-0.06792197181805329
2743,-8078.966010000007
2744,0.10299873645011239
2745,-0.6941858068262644
2746,-0.05841118789533198
2747,-0.7404189538988271
2748,1.2153903417393785
2749,-8814.21173
2750,0.5435534693190729
2751,0.27863197097667186
2752,-438.69355
2753,-1.1568637759221303
2754,-12933.175860000016
2755,-1.1480024929625585
2756,-2344.8931800000014
2757,0.6481326226620474
2758,-0.8916699778534137
2759,-0.5229521573902226
2760,6.458150057465746
2761,-9.736940000000027
2762,0.406414025939201
2763,-7029.071530000014
2764,597.9561400000003
2765,-0.9050861377273035
2766,-7251.110199999996
2767,-8232.352649999988
2768,-1386.706660000002
2769,0.083733272345508
2770,-9.235893658421352
2771,0.685454165971805
2772,0.5911957030966478
2773,-23407.93820000003
2774,-0.46244267274115247
2775,-18040.488384128224
2776,-8815.596440000001
2777,3.699642860923642
2778,-2366.9493500000012
2779,-0.7596010219475325
2780,-1.234488400390801
2781,0.8134784226023198
2782,1.2030173874061694
2783,0.5009560338856885
2784,1.466135274700585
2785,1.2923766761198257
2786,-0.8884000909786343
2787,-7265.256859999993
2788,0.48786126629003096
2789,0.7379508639121944
2790,-740.3625458948333
2791,-33891.71898999999
2792,-0.05672950134197408
2793,-6579.117132916192
2794,2713.0521188413077
2795,1.653357814963465
2796,-0.45865791414623786
2797,-0.9703290487250873
2798,-0.7169454391786874
2799,-8607.940770000007
2800,0.2073141491238421
2801,2.1929900417591437
2802,-1.181616464675258
2803,-3791.7347600000003
2804,-1.3755778421128833
2805,-0.1686839871750441
2806,-0.6489774725769676
2807,-8413.596399999975
2808,0.3260542173939598
2809,84.22509000000005
2810,0.560290326781547
2811,-17309.145040000014
2812,4029.783369999994
2813,-0.8244086574825185
2814,-0.9034983540028066
2815,-0.10583662295115558
2816,-1379.1678099999986
2817,-18399.86002000002
2818,-0.36570736693952605
2819,1.5203104732244284
2820,1164.535250000001
2821,0.33567574527048233
2822,-7893.56423000001
2823,-30361.33733
2824,-10.448228341181247
2825,1.2037181405491717
2826,0.3552107228531562
2827,0.687004032225617
2828,-2727.9773099999966
2829,0.4865949222159204
2830,1.0500299322438962
2831,0.07246031085574706
2832,-1.1410960739671543
2833,-2278.523860000001
2834,1.4745712920318261
2835,-8858.847939999989
2836,0.6384867191887635
2837,-46.375409999999974
2838,4.795018864494299
2839,-0.5682427314595407
2840,-907.4044281491831
2841,-5971.729719999989
2842,-0.013842616479217465
2843,1.267821850635974
2844,2.713476406585182
2845,-0.9570908725883072
2846,-0.36344263788596337
2847,-888.224110000002
2848,-0.21867728630380728
2849,0.2417432105935785
2850,1351.77736
2851,-0.08058596627387954
2852,8.420808447177041
2853,0.29852105616125146
2854,-0.1721028114670332
2855,-0.8871337555210382
2856,-0.005899778920512995
2857,0.2405142337500313
2858,-113.66070999999987
2859,0.5822631104923118
2860,-3023.4524800000027
2861,0.07402310813985713
2862,-1.6627776320680758
2863,820.3271599999996
2864,-0.21403872116543882
2865,261.46897959302686
2866,0.35842414647303666
2867,-1.0915142657670804
2868,23.411479409246425
2869,-1.1475440380713506
2870,1.800837482573515
2871,-6754.816420000005
2872,-0.6702523420130421
2873,-17242.53839
2874,-28668.71601000002
2875,-14967.809530000013
2876,-21879.139660000008
2877,-0.10388228803523511
2878,1.1301390536130302
2879,-194.80228000000025
2880,-0.12388866130067533
2881,0.2886691311733215
2882,-482.29970591434835
2883,-0.07486645179513801
2884,-11615.167600000028
2885,0.2522380728651937
2886,-0.2707112290256364
2887,-9323.891599999983
2888,-0.04911752402887208
2889,-561.2710499999993
2890,-3531.3371300000044
2891,3015.1131546306547
2892,-1.0306662438075256
2893,9.883259388449666
2894,0.1532128918431315
2895,-0.23357125230579484
2896,-11631.418129999993
2897,1.7674367094935928
2898,-37111.2638800001
2899,446.77648054436594
2900,-1.3736182647938882
2901,0.02608726771029192
2902,-0.1807507276322141
2903,0.6658055371768267
2904,0.32075816286554937
2905,-21032.05161000006
2906,0.47635171631560436
2907,-1.1916870831475783
2908,-16630.121539999982
2909,0.9115761723189874
2910,-8152.742879999991
2911,-0.16604960287349219
2912,0.13831520428988398
2913,-0.7467093435217509
2914,-5208.020719999998
2915,1.033194886738956
2916,-0.13926168673513
2917,-0.9943023515015348
2918,595.4051600000001
2919,-24068.93068000002
2920,-10336.619650000011
2921,1.567328406121188
2922,-0.28941183794220054
2923,0.3758702805737341
2924,-0.7290941886412663
2925,-1.2529593651263176
2926,0.45367619024922695
2927,-14257.795200000011
2928,-20978.87345000007
2929,-1.09792632706285
2930,-5249.030599999992
2931,0.9676112652797505
2932,1.7012442368328167
2933,-276.9838753413226
2934,-1.1499087122935467
2935,-4119.671080000001
2936,-3068.567890000004
2937,1.1160339812183566
2938,0.7293369408443916
2939,-704.3600899999997
2940,0.3152513433426364
2941,6.933117498206864
2942,-4151.9866799999945
2943,-0.633777302122066
2944,-2083.878830000002
2945,-122.39977000000057
2946,-1554.9853899999998
2947,0.518535714471299
2948,1.3162389121045022
2949,-0.20197879858289422
2950,-1.011344171504222
2951,-0.9650593350654724
2952,-2956.4748700000036
2953,0.5763664216546003
2954,-0.2653727614452283
2955,-19976.859660000035
2956,0.4677775573257588
2957,-1.4541860012454857
2958,-1.7977608676694632
2959,-1801.8099700000007
2960,-8179.030009999979
2961,-594.2227999999997
2962,1.246887166755285
2963,0.37824362125035177
2964,-0.3744996898420959
2965,-0.12622113677291033
2966,-0.7627347703035563
2967,-0.034585219875967584
2968,-0.13310968020209707
2969,-0.21880421436545253
2970,4128.76536147598
2971,-0.769792340230882
2972,0.38222121389589814
2973,-6263.733479999999
2974,475.3852799999992
2975,-8171.783040000002
2976,0.03817646397152137
2977,-0.29238954660369953
2978,4.28673815574683
2979,1.4737206414841026
2980,1.0830970775330766
2981,1.1415319431533768
2982,7.883389366496359
2983,3.963629899176407
2984,-0.15128644194113477
2985,0.2552202886900208
2986,0.5950071605800833
2987,-0.08290945388365956
2988,0.11154237167598546
2989,0.28537005284600125
2990,-6971.1659600000075
2991,-0.8684158329944923
2992,-0.09159803365881715
2993,-10571.055480000015
2994,0.7487943617532926
2995,-0.4417125437308635
2996,0.25371233176431846
2997,2773.4283303355483
2998,-8178.973670000007
2999,0.5459391827881357
3000,0.8069306948814586
3001,-1.0953218516158236
3002,0.13193369163022808
3003,1.2417189531119766
3004,-0.341787508681898
3005,-0.5913892841992597
3006,0.3359198224681756
3007,12.71996149783747
3008,0.39899114786720175
3009,-0.02973824847245229
3010,-2.0369981027734108
3011,-0.13293554084790077
3012,-0.5649968450096197
3013,1.298283007612462
3014,-0.7821151764934443
3015,-1.365729091592217
3016,-2860.8542699999985
3017,0.2747832880785547
3018,-1.2042083322258144
3019,0.8823882647677644
3020,0.06369036043229011
3021,-0.8398661412077487
3022,151.1200271820556
3023,-0.44664865388689223
3024,0.37282099484601827
3025,-0.49102566824465366
3026,1.2547507738807575
3027,-3188.3364999999962
3028,-1.3764959946547497
3029,172.92371859927385
3030,0.11367861981389257
3031,0.13118230201784573
3032,0.11058032686138478
3033,-64.47015336751262
3034,-3182.7923699999883
3035,-7067.883099999982
3036,-0.2574543202844501
3037,-14304.306709999964
3038,-0.6612323435544581
3039,-1.0532995583376803
3040,-19303.6312
3041,0.37027358676065825
3042,2.5705951710710946
3043,-3730.788160000002
3044,0.5106600411954549
3045,0.1237377255610252
3046,-6249.901999999995
3047,-777.4518700642662
3048,0.44403788707844166
3049,-0.5534512546424086
3050,0.02463501049834488
3051,-7396.557209999998
3052,-0.12929694055529103
3053,0.018278933569967154
3054,-0.7629978113338011
3055,-7669.790759999995
3056,-6825.4461146401745
3057,-1.1921129462263524
3058,-0.6313669524408556
3059,-26682.899380000028
3060,-7936.10481999999
3061,-922.916088239687
3062,0.9548875439788833
3063,-5325.704479999997
3064,113.810863214915
3065,-0.8114356484552127
3066,0.3724612092958981
3067,271.0363890809576
3068,-2498.6933299999987
3069,0.34549946545224547
3070,0.5033703168986726
3071,-1.1972377719731004
3072,81.95299074351254
3073,-6913.0439699999915
3074,-0.9821454877844853
3075,0.9940111898471323
3076,0.5105265771320822
3077,-0.5983789362938842
3078,-19018.744780000026
3079,-1.0647337694625028
3080,-0.9732495534309809
3081,0.3963842506250856
3082,-9746.36747
3083,-9.876229873919469
3084,469.03063999999927
3085,0.3369934342907704
3086,0.06352268968582506
3087,0.4679357458910736
3088,0.1379136610810692
3089,-9237.420379999992
3090,-1.0962551092567157
3091,0.6538110941644532
3092,-0.4541550459050994
3093,-0.3485521153304871
3094,-8637.23165
3095,0.6417696154710126
3096,-5203.860749999997
3097,0.2031097266333815
3098,-726.4480399999993
3099,256.9409399999994
3100,0.1696730155342751
3101,-9813.02998
3102,-11324.411509999985
3103,0.7408438251041912
3104,-0.25800418035926703
3105,-0.30787915820576817
3106,-10343.100350000006
3107,1.627752731029318
3108,-0.3919607678652691
3109,-3153.006040000002
3110,-1.4516556564423215
3111,-10456.257830000013
3112,-0.06872885148218986
3113,-0.6657427133056992
3114,-0.5818967784166708
3115,0.6524840017775796
3116,-1.495985262394904
3117,0.1378649501445184
3118,1124.8745483571588
3119,6.039354204254236
3120,3.0337964514780174
3121,0.11577901602739439
3122,0.07572758380974273
3123,-7538.254979999993
3124,0.6944450106832407
3125,-17006.85417000001
3126,0.6983000534994938
3127,-4397.017430000012
3128,-13497.393029999981
3129,-35429.1314800001
3130,-1423.647100000001
3131,0.5659799977614611
3132,0.30162352279087296
3133,-6117.594949999998
3134,-0.21606902938521513
3135,2.0020365518501766
3136,0.36491166196356234
3137,-4878.2751399999925
3138,2.610451031918592
3139,1.2277244846504123
3140,1.029067120648143
3141,-0.6836342089222791
3142,-9295.98114
3143,0.7449132644988528
3144,-0.753944706358623
3145,0.8603499466900907
3146,-530.2528121201358
3147,0.4673130874427512
3148,-1.7062247019190546
3149,-11861.560380000006
3150,-15925.446080000014
3151,0.5337952014013961
3152,-2.7931927476516867
3153,78.6882300000001
3154,-0.360911977127119
3155,-1.0431374048461661
3156,-2263.6583499999974
3157,-13647.661929999977
3158,0.6089100692274775
3159,0.6837613905528456
3160,-1890.2521899999972
3161,-1.300460878799313
3162,0.48387648574417286
3163,1.2946383893576536
3164,0.10614913011913454
3165,-0.027064074119338727
3166,-1.1851065059159018
3167,-1035.7304800000009
3168,1.332049392630647
3169,-0.10776247113508951
3170,1.279878455587995
3171,0.23382456666264975
3172,-30213.352703102668
3173,-3377.009759999999
3174,-4541.304310000002
3175,-1.1823227295475263
3176,-19859.913620000003
3177,0.2926327971948423
3178,-0.33650220275501913
3179,1.2077445603419728
3180,-0.6166680200825903
3181,-3178.5316900000075
3182,1.5417363283846188
3183,-716.5390699999988
3184,1.8427661801927284
3185,-1.5637021015079744
3186,-4552.353199999998
3187,-1.713974020930496
3188,1.5272442602472165
3189,-0.6306649367784375
3190,-0.30556989893802516
3191,-4452.405879999993
3192,-2074.951260000001
3193,-417.9514599999997
3194,0.18126300649701219
3195,0.8988446287377357
3196,4.203057652119765
3197,0.5033585625163226
3198,0.6581686646178533
3199,-0.7632680486417308
3200,-0.2695034617740685
3201,-0.3706717002470448
3202,-1.634849801950469
3203,-6081.639520000001
3204,-15209.136020000009
3205,-6877.129340000005
3206,3.755175652103544
3207,-7993.063929999979
3208,-18530.57709
3209,-18782.13593
3210,-2.3466406395070236
3211,-2.0649828642579133
3212,0.6671302364802223
3213,0.42761716506618347
3214,-17003.15153000001
3215,-22988.849809999985
3216,-17589.2003
3217,-14297.214440000014
3218,-9701.420879999998
3219,-12153.793689999997
3220,-29914.84871000005
3221,-12731.956280000011
3222,-21083.36197000001
3223,-17760.934769999993
3224,-7180.848570000003
3225,-28294.54169000003
3226,-6318.266410000002
3227,-1674.1282500000007
3228,-11059.532249999995
3229,-9700.34690000001
3230,-9249.940129999992
3231,-12385.624469999988
3232,-9473.088200000011
3233,-24458.269690000066
3234,-2489.0168099999955
3235,-1620.0474000000002
3236,-4746.746969999998
3237,-6470.542730000004
3238,2388.537521371211
3239,-2145.47156
3240,-7401.966150000006
3241,-12827.505509999992
3242,-27199.30090000001
3243,-7127.992599999994
3244,-18692.316830000003
3245,605.552940000001
3246,-6024.6073
3247,-8008.823049999984
3248,-7144.140770000006
3249,-18832.61334
3250,518.7465361997515
3251,-9060.141800000003
3252,2451.9679140344783
3253,-6952.1850200000035
3254,-1781.826509999996
3255,-2480.9045699999974
3256,-2541.121819999996
3257,-16810.108369999965
3258,-3960.233429999991
3259,-20943.569399999982
3260,-12453.420159999981
3261,-8306.621219999992
3262,-22232.60087000004
3263,-16869.41149000005
3264,-4583.17025
3265,-6505.332899999999
3266,-22398.242339999983
3267,-8012.760139999998
3268,-13307.142949999989
3269,-20016.61335610679
3270,-11973.22278
3271,-9000.32629
3272,-254.55866564117702
3273,-2076.627580000004
3274,-1038.2957500000011
3275,-16726.696809999998
3276,-3754.408490000006
3277,-7836.1075000000055
3278,-20973.514079999997
3279,-956.0744600000017
3280,-4226.567140000012
3281,-9889.798269999987
3282,-21494.825150000015
3283,-4326.48657
3284,-7335.168260000014
3285,1522.579390000002
3286,-3388.996460000009
3287,-715.2941999999988
3288,-6238.885870000005
3289,-6236.846669999996
3290,-30056.59243000007
3291,-1098.3447599999995
3292,-6317.182769999997
3293,-12644.878870000017
3294,-25929.96658000005
3295,-4675.66117
3296,-6158.227869999997
3297,-16748.35295000004
3298,-13665.40714000002
3299,1655.8743299999944
3300,-744.2150949890024
3301,-17750.433769999985
3302,-1366.3292700000015
3303,-9149.7488500000145
3304,-6756.194100000011
3305,-10080.747849999994
3306,-4120.606279999986
3307,-3857.3505399999926
3308,-28968.96932000006
3309,-14697.565969999981
3310,-1942.8692799999983
3311,-5688.648549999997
3312,-8711.678740000012
3313,-14932.468350000017
3314,-7538.83925000001
3315,-3788.1778199999994
3316,128.92195000000018
3317,-7642.130389999989
3318,-10230.816429999995
3319,-5058.301639999993
3320,-4760.75222
3321,-4976.155580000002
3322,-3096.4523699999977
3323,-13374.670030000025
3324,-12273.155119999981
3325,-9750.520880000002
3326,-6850.961669999991
3327,-17420.081920000015
3328,1340.157719999999
3329,-4090.6223000000036
3330,-29589.247740000003
3331,-28502.809230000017
3332,-18097.03642999999
3333,-7678.356390000005
3334,-8029.221590000007
3335,-2814.167250000001
3336,-7932.668919999995
3337,-8374.662
3338,-13523.809719999997
3339,-28226.912129999953
3340,-27273.060850000045
3341,-13530.099559999988
3342,-7936.253529999983
3343,91.57714999999965
3344,-4874.843030000009
3345,-410.9784754405996
3346,-21030.12182999999
3347,-13676.277379999989
3348,-5999.6451199999865
3349,-22187.14763000003
3350,-3883.5836100000006
3351,-10447.37437000001
3352,-5680.120799999996
3353,-8105.693039999996
3354,-34529.95993000002
3355,-1906.4260399999973
3356,-2716.433780000003
3357,-2575.1907500000016
3358,-9451.640909999998
3359,-29745.90264000003
3360,-1617.4223900000002
3361,-29395.073830000056
3362,-10094.655189999994
3363,-1169.6637500000004
3364,-14516.147419999983
3365,-8529.003479999985
3366,-8721.341390000009
3367,-17312.977500000005
3368,-5283.968649999992
3369,-615.9469600000012
3370,-1441.0529500000007
3371,-3377.4273400000025
3372,-15799.423170000016
3373,-1511.3944899999997
3374,-13736.108160000005
3375,-2413.2799299999992
3376,-8336.608419999999
3377,-19385.33593
3378,-12159.779559999984
3379,-21038.299939999975
3380,-5343.416559999999
3381,-1595.9037799999987
3382,-3472.2178200000008
3383,3405.9742499999998
3384,-18853.319730000043
3385,-21125.494630000005
3386,-10999.415320000006
3387,-7890.488029999979
3388,-20677.74545000001
3389,-19456.994359999975
3390,-6501.80345000001
3391,-34130.75462999997
3392,-12099.301979999971
3393,-3742.8098699999946
3394,-2393.6696499999994
3395,-6907.765630000001
3396,-13354.979100000017
3397,-7546.946499999984
3398,-1560.721499999999
3399,-26217.261550000043
3400,-20019.363130000038
3401,-18335.43796000002
3402,-8677.802460000008
3403,-18225.17452
3404,-4297.146659999997
3405,1734.105289999997
3406,-14507.46987
3407,2670.4195116803826
3408,3777.869202169718
3409,-5796.2651100000085
3410,-12571.129730000024
3411,-6567.0361500000045
3412,-13359.698663153074
3413,-3460.422319999996
3414,-14912.611770000023
3415,-723.429798269527
3416,-4739.124530000007
3417,-13165.446020000014
3418,-23573.286020000014
3419,-8618.637819999973
3420,-5586.818300000005
3421,-9170.482130000004
3422,-17621.23343000003
3423,-20780.79683
3424,-13385.921119999999
3425,-5238.495150000003
3426,-18344.97799000001
3427,1014.9314800000013
3428,-2548.0645499999996
3429,-1805.832859999995
3430,-15837.594510000008
3431,-9118.870549999985
3432,-19471.59124000001
3433,-23900.90312
3434,-1492.843520000001
3435,-12427.333380000016
3436,188.83025999999984
3437,-8322.588369999972
3438,-22945.95698
3439,-5294.458550000002
3440,-24044.805569999986
3441,-3030.1110099999983
3442,-8748.685269999994
3443,-1747.1620400000008
3444,-15209.04956000002
3445,-9404.942220000006
3446,-4712.822910000006
3447,-6244.0619700000025
3448,-5508.723350000006
3449,-4326.506050000009
3450,-22371.384789999975
3451,-21277.758009999972
3452,-10332.346639999992
3453,-7881.571739999997
3454,-1347.0717699999998
3455,-1648.5380599999992
3456,-26835.43639000002
3457,-12171.240350000005
3458,-4980.707979999994
3459,-20813.315650000022
3460,-2691.4825499999947
3461,-19986.327439999975
3462,-11772.891250000008
3463,-19040.175719999996
3464,64.27729151600147
3465,-11722.616890000018
3466,-7281.001149999986
3467,-6388.928640000003
3468,-3260.117330000001
3469,-11735.13342000001
3470,-7957.449759999986
3471,-1271.1872499999993
3472,-6582.276150000007
3473,-1067.015420000001
3474,-30042.899310000073
3475,-2936.85175
3476,-7227.048520000014
3477,28.15370000000011
3478,-3419.790830000004
3479,-8131.536210000005
3480,1191.826549999997
3481,-15517.225379999996
3482,-5545.386670000008
3483,-16769.640099999975
3484,-9024.147650000012
3485,-5015.816720000007
3486,-6045.12234
3487,-4341.0756000000065
3488,-36707.6386000001
3489,-2430.667730000002
3490,-6869.360579999995
3491,-13739.390679999997
3492,-12882.007450000014
3493,-11657.970170000015
3494,-18287.771820000013
3495,-13197.847889999988
3496,-6737.741100000009
3497,-7428.141120000004
3498,-9754.396510000004
3499,-4665.311119999993
3500,-3889.3892600000045
3501,-15455.79646000001
3502,-3182.2812799999965
3503,-1006.0594200000006
3504,-295.3636020492243
3505,-6090.6295500000015
3506,-14859.298880000008
3507,-6290.59645999998
3508,-8706.545149999985
3509,-6986.685749999991
3510,-8481.112849999972
3511,-9368.952719999996
3512,-6442.998930000005
3513,-6170.850409999996
3514,-9918.66641000001
3515,-2465.89624
3516,-4874.367009999999
3517,-13674.99348999998
3518,-8727.648420000014
3519,-28977.984969999987
3520,-5893.816770000002
3521,-3449.9837800000173
3522,-10969.924449999995
3523,-15814.378859999992
3524,-6503.385839999996
3525,-10917.42566999999
3526,-19743.156340000016
3527,-29826.606550000015
3528,-9462.700930000005
3529,-22339.648590000015
3530,-14345.81457
3531,-14885.685980000002
3532,-26507.95594000007
3533,-4177.614569999991
3534,-13717.678379999974
3535,-4285.650420000009
3536,-5483.4165
3537,-28362.60022999999
3538,-4113.814639999996
3539,-24322.809800000032
3540,-5612.470969999996
3541,-8206.748810000014
3542,-20988.765489999987
3543,-9784.159219999994
3544,-5293.705759999987
3545,-9780.569320000002
3546,-7694.597020000008
3547,-10341.48721
3548,-10878.140409999989
3549,-718.5935499725784
3550,47.16430000000027
3551,-6053.99415999999
3552,-556.2167200000006
3553,-5789.653979999977
3554,-1971.2394199999972
3555,-5603.12245999999
3556,-4316.057660000005
3557,-7374.817010000006
3558,-4765.216479999998
3559,-6658.835499999997
3560,-29108.317300000046
3561,-13595.302250000013
3562,-30332.598410000046
3563,-19175.783829999982
3564,-27209.385130000028
3565,-5709.30095999999
3566,-3908.973840000004
3567,-6493.992070000013
3568,-28762.453309999953
3569,-4420.59716
3570,-20398.78158999999
3571,5401.829019212128
3572,-12445.073600000029
3573,-19154.45694999997
3574,-6535.82203000001
3575,-14391.015740000013
3576,-12760.756949999999
3577,-6672.914330000018
3578,-7774.146509999993
3579,-11474.910310000025
3580,-3038.120630000006
3581,-8638.193860000007
3582,193.7104809892012
3583,-8432.042450000003
3584,-23960.005010000004
3585,-13159.784489999995
3586,-24163.76726
3587,-17378.141990000004
3588,-28783.324709999975
3589,-8966.290200000007
3590,-11930.567659999993
3591,-5761.245190000007
3592,-5626.4493299999895
3593,-1448.9068099999997
3594,-10908.640799999997
3595,2866.747510000002
3596,-7255.1906600000075
3597,430.63102141388265
3598,-4636.6570100000035
3599,-12896.379690000003
3600,-21357.232270000004
3601,-8012.707619999987
3602,-22023.689149999995
3603,-3311.369329999998
3604,-17836.787900000007
3605,-11212.409890000004
3606,-8977.79254
3607,-2037.9302704061595
3608,-293.5790599999993
3609,-12972.515439999996
3610,-14461.365909999993
3611,-6519.920640000014
3612,-4735.191319999994
3613,-15755.431919999992
3614,-3701.798939999991
3615,-788.8709797221655
3616,-33861.679589999956
3617,1083.9279599999988
3618,512.7192703061229
3619,-5627.315070000001
3620,-21420.944580000014
3621,-6300.743649999994
3622,-9198.315270000012
3623,-3098.8706299999985
3624,-19598.497150000007
3625,-988.3256307878753
3626,-8905.99708
3627,-7623.213169999995
3628,-3155.7172899999987
3629,-21115.335320000042
3630,-5305.523159999996
3631,-8146.419559999997
3632,-5171.780370000005
3633,-16140.149780000012
3634,-13253.298670000018
3635,-13709.456580000042
3636,-6591.139030000002
3637,-17931.83219999999
3638,-14540.60841
3639,-30060.61914999999
3640,-913.5834800000018
3641,-4425.247099999997
3642,-8632.575750000013
3643,-9324.493080000011
3644,-3741.96057
3645,-11848.694190000004
3646,-3051.554050406158
3647,-2568.945600000001
3648,-10043.130480000007
3649,-14918.601889999993
3650,-3845.014189999994
3651,-10200.647309999986
3652,-15255.730330000008
3653,-4930.215449999993
3654,-5176.908999999988
3655,-22695.851660000044
3656,-13228.060929999987
3657,-346.3048500000011
3658,-19556.584300000002
3659,-18964.81994999999
3660,-7686.078049999987
3661,-2480.3382799999954
3662,-17781.228079999993
3663,1010.1546999999998
3664,-13131.983590000002
3665,-14178.335550000009
3666,-5174.681820000009
3667,2371.65071976457
3668,-17774.310580000027
3669,-1862.7729699999982
3670,-2749.9669400000053
3671,-2076.9525499999995
3672,-7715.54644
3673,-7365.324669999989
3674,-16558.94971
3675,-13229.258349999995
3676,-349.2340676165072
3677,-14099.797779999995
3678,-3177.5435099999986
3679,-11863.975590000004
3680,-17776.303690000004
3681,-18326.13971
3682,-20021.68296
3683,-25400.692209999987
3684,-8011.11301999998
3685,-4270.136779999996
3686,-11461.156800000039
3687,-9998.81886999999
3688,-10808.174779999961
3689,-11650.05536000002
3690,-12947.246319999997
3691,-18247.41141999998
3692,-22795.290669999995
3693,-6542.4473200000075
3694,-13942.250730000005
3695,-37133.58779000011
3696,-26793.383170000023
3697,-8335.921140000002
3698,-2055.55897
3699,-2137.0151399999995
3700,-13493.877490000013
3701,-6275.5055400000065
3702,-6984.442570000015
3703,-17227.930500000006
3704,-6146.539970000009
3705,-12698.261720000004
3706,-13263.053149999983
3707,2171.876769999997
3708,-4827.738089999998
3709,-12540.56882
3710,764.8314599999993
3711,-23862.125970000005
3712,-7476.436200000007
3713,-17750.17730000001
3714,-22071.22697
3715,-19746.67381999998
3716,-4020.8360699999944
3717,-15229.807869999993
3718,-7557.571359999987
3719,-13672.491379999974
3720,-5841.087619999992
3721,-7925.624959999984
3722,-9322.487679999991
3723,-7324.330049999993
3724,-7404.087699999978
3725,-9175.986329999998
3726,537.4569999999994
3727,-13720.514833521947
3728,-23052.28132000001
3729,-9451.82925
3730,-3329.763700000007
3731,-6237.742569999997
3732,-30335.615570000038
3733,-5092.0708500000055
3734,-29857.860960000027
3735,-20872.328319999997
3736,-12311.96521999999
3737,-4031.1042000000098
3738,-12961.932509999988
3739,-444.78688999999923
3740,1991.196980000002
3741,-9868.147610000004
3742,-16450.328820000002
3743,-30062.45535999999
3744,-8928.714330000012
3745,-650.1671899999991
3746,-29791.766520000023
3747,-7525.052940000012
3748,-3962.997929999998
3749,-6561.923470000001
3750,-12211.537499999997
3751,-13496.459500000012
3752,-4419.278519999992
3753,-11074.483249999997
3754,-6890.121010000004
3755,-22546.91919000004
3756,-27510.374314128192
3757,-4670.047950000007
3758,-10973.196729999981
3759,-6419.554059999992
3760,-13669.16740392475
3761,-13940.184950000004
3762,-8808.087780000005
3763,-12469.132430000018
3764,-6441.438749999984
3765,-2694.3977399999985
3766,-638.2342600000007
3767,-8716.786509999965
3768,-5187.93089
3769,-22160.257349999978
3770,-6176.834560000001
3771,-5751.682510000012
3772,-7709.467160000006
3773,-12808.491470000006
3774,-4326.494640000005
3775,-5144.198880000002
3776,-17140.660100000034
3777,-5119.703779999996
3778,-7075.809639999991
3779,-7410.132530000008
3780,-16357.84061000004
3781,-4808.987059999999
3782,-4742.332360000006
3783,-7772.698199999997
3784,-2090.045440000002
3785,1114.6038999999969
3786,-10435.006880000003
3787,-11615.871920000016
3788,-3749.1266799999958
3789,-9641.545319999994
3790,-9843.711620000007
3791,-35630.63327000001
3792,-4975.977610000001
3793,-14922.676700000038
3794,-1484.2252100000023
3795,-2515.0157899999936
3796,-4212.209880000006
3797,-17291.288270000037
3798,-4517.593879999998
3799,-18859.593749999978
3800,-15116.379539999989
3801,-3347.8993500000042
3802,-16069.711770000042
3803,-12240.907800000008
3804,-13821.891919999982
3805,-29843.09148000001
3806,-3955.8142300000045
3807,-1383.0492599999998
3808,-11045.057579999997
3809,-1345.1355800000024
3810,-30530.23994000003
3811,-5894.874270000005
3812,-4008.165679999994
3813,-14340.259850000004
3814,-34441.15759412821
3815,100.91630000000025
3816,-8309.037339999999
3817,-3890.144930000008
3818,-6332.863209999993
